Step,Epsilon-Greedy (Îµ=0.1),UCB (c=2.0),Thompson Sampling
0,0,0,0
1,0,0,0
2,1,0,1
3,1,1,1
4,2,2,1
5,2,2,1
6,3,3,2
7,4,3,2
8,4,3,3
9,4,3,3
10,5,3,3
11,5,4,3
12,6,4,4
13,6,4,4
14,6,5,5
15,7,6,5
16,7,6,5
17,8,6,5
18,9,6,5
19,9,7,6
20,10,8,7
21,11,9,7
22,11,9,8
23,11,10,8
24,11,11,9
25,11,11,10
26,11,11,10
27,12,11,11
28,12,11,11
29,12,11,11
30,13,12,12
31,14,13,12
32,15,14,12
33,15,14,13
34,16,14,13
35,16,14,13
36,16,15,13
37,17,15,13
38,17,15,13
39,18,15,14
40,19,15,14
41,19,15,15
42,19,15,16
43,19,16,16
44,19,17,17
45,19,18,18
46,19,18,18
47,20,18,19
48,21,18,20
49,21,19,20
50,21,20,20
51,22,21,20
52,22,22,20
53,22,22,20
54,23,22,20
55,23,23,21
56,23,24,22
57,24,24,23
58,24,25,24
59,25,25,24
60,26,26,25
61,27,27,26
62,27,28,26
63,27,29,27
64,28,29,28
65,29,30,28
66,29,30,28
67,29,31,28
68,29,32,28
69,30,33,29
70,30,34,29
71,31,34,29
72,31,34,29
73,31,35,30
74,31,36,30
75,32,37,31
76,33,38,32
77,33,38,32
78,33,38,33
79,33,38,34
80,33,38,35
81,33,39,35
82,34,39,36
83,34,39,37
84,35,39,38
85,35,39,39
86,35,39,40
87,35,39,40
88,35,40,41
89,36,41,41
90,36,42,42
91,37,42,42
92,37,43,42
93,37,43,43
94,38,43,43
95,38,43,43
96,38,44,44
97,38,45,45
98,38,45,46
99,38,45,46
100,38,45,46
101,39,46,47
102,39,46,47
103,39,46,48
104,40,46,49
105,41,46,50
106,41,46,50
107,42,47,51
108,42,48,52
109,43,48,53
110,43,49,54
111,43,49,55
112,44,49,55
113,44,49,56
114,45,49,56
115,45,50,56
116,46,50,57
117,46,50,58
118,46,51,59
119,46,51,60
120,46,51,60
121,46,51,60
122,47,51,61
123,48,51,62
124,48,51,63
125,48,52,64
126,49,52,65
127,49,52,66
128,50,52,66
129,50,53,66
130,50,54,66
131,51,54,67
132,51,54,67
133,51,54,67
134,51,54,68
135,51,54,69
136,51,55,70
137,52,55,71
138,53,55,71
139,54,55,72
140,54,55,72
141,54,55,72
142,55,55,72
143,55,56,72
144,55,56,72
145,55,56,72
146,55,56,72
147,55,56,72
148,56,57,73
149,56,58,73
150,57,59,74
151,57,60,75
152,58,60,76
153,59,60,77
154,59,61,77
155,60,62,78
156,60,63,78
157,60,64,78
158,60,65,79
159,60,66,80
160,60,66,81
161,60,67,81
162,61,68,82
163,62,68,83
164,62,69,84
165,62,69,84
166,63,70,85
167,63,71,85
168,63,72,85
169,63,72,85
170,63,72,85
171,64,72,86
172,65,72,86
173,65,72,87
174,65,72,88
175,65,73,88
176,65,74,88
177,65,75,88
178,66,76,88
179,67,77,88
180,67,78,89
181,67,79,89
182,68,80,89
183,68,80,90
184,69,80,90
185,70,81,90
186,70,82,90
187,70,83,90
188,70,83,90
189,71,84,90
190,71,84,91
191,71,84,92
192,71,85,93
193,72,86,94
194,72,87,94
195,72,87,94
196,73,87,94
197,73,87,94
198,73,87,94
199,73,87,94
200,73,88,95
201,74,89,95
202,74,90,96
203,74,91,96
204,74,91,97
205,75,92,98
206,75,92,99
207,75,92,100
208,75,92,101
209,75,93,101
210,76,94,102
211,76,94,103
212,76,94,104
213,76,94,105
214,76,95,106
215,76,96,107
216,77,96,108
217,77,96,109
218,77,97,109
219,78,97,109
220,79,97,109
221,79,97,109
222,79,97,110
223,79,98,110
224,80,98,111
225,80,98,112
226,81,98,112
227,82,99,112
228,83,100,112
229,83,100,113
230,84,101,114
231,84,101,115
232,84,102,115
233,84,102,116
234,84,103,116
235,85,103,117
236,85,103,117
237,85,103,117
238,86,104,118
239,86,105,119
240,86,105,120
241,87,105,121
242,88,105,121
243,88,105,122
244,89,105,123
245,90,105,124
246,90,106,124
247,90,106,124
248,90,106,125
249,90,106,125
250,90,107,126
251,90,108,127
252,90,108,128
253,90,109,128
254,90,110,129
255,91,110,130
256,91,110,130
257,91,111,131
258,91,112,131
259,91,112,131
260,91,112,132
261,91,112,132
262,92,113,133
263,92,113,134
264,93,113,135
265,93,113,136
266,93,113,136
267,93,113,137
268,93,113,137
269,94,113,137
270,94,113,137
271,95,113,137
272,96,113,137
273,96,114,138
274,96,115,139
275,97,116,140
276,97,117,141
277,97,118,142
278,97,118,143
279,97,119,144
280,98,120,144
281,98,120,145
282,99,121,145
283,100,121,146
284,100,121,147
285,100,121,147
286,101,121,147
287,101,122,148
288,101,122,149
289,101,123,149
290,101,123,149
291,102,124,150
292,102,125,151
293,102,126,151
294,103,126,152
295,104,127,152
296,104,127,153
297,105,128,153
298,106,129,154
299,107,130,155
300,107,130,156
301,107,130,156
302,107,131,156
303,107,132,156
304,108,132,156
305,108,133,156
306,108,134,157
307,108,135,157
308,109,136,158
309,109,136,158
310,109,137,158
311,109,137,159
312,109,137,159
313,109,137,160
314,109,137,161
315,109,138,162
316,109,138,162
317,110,139,162
318,110,139,162
319,110,140,162
320,110,140,163
321,111,141,164
322,112,142,165
323,113,142,166
324,113,142,167
325,114,143,167
326,114,143,168
327,114,144,169
328,115,145,170
329,116,145,171
330,116,145,171
331,117,145,171
332,117,145,171
333,117,145,172
334,118,145,172
335,119,145,172
336,119,145,172
337,119,146,172
338,119,146,173
339,120,147,173
340,121,147,173
341,121,147,174
342,122,147,175
343,123,147,176
344,123,148,177
345,123,148,177
346,124,149,177
347,124,149,177
348,125,150,177
349,125,150,177
350,126,151,178
351,127,151,179
352,128,152,180
353,128,152,181
354,129,153,182
355,130,154,183
356,131,155,184
357,132,155,184
358,132,156,184
359,133,156,185
360,134,157,185
361,134,157,185
362,135,158,186
363,135,158,186
364,136,158,187
365,136,159,187
366,136,160,187
367,137,160,187
368,138,160,187
369,139,160,187
370,139,161,188
371,140,162,188
372,141,162,189
373,142,163,190
374,142,163,191
375,143,164,191
376,143,164,192
377,143,165,193
378,144,165,193
379,145,166,194
380,145,166,195
381,146,167,195
382,147,167,196
383,148,167,196
384,149,168,197
385,149,169,198
386,149,170,198
387,149,171,199
388,149,172,200
389,150,173,201
390,150,174,201
391,151,174,201
392,151,174,201
393,152,175,202
394,152,175,202
395,152,175,203
396,153,175,204
397,153,175,205
398,154,176,206
399,154,176,207
400,155,176,207
401,155,177,207
402,156,177,207
403,157,178,207
404,158,179,207
405,158,179,208
406,158,179,208
407,159,179,209
408,160,180,210
409,160,180,211
410,161,180,212
411,162,180,213
412,163,181,214
413,164,182,215
414,164,183,216
415,164,184,216
416,165,184,216
417,166,185,216
418,167,186,216
419,167,187,217
420,168,188,217
421,169,188,217
422,169,188,218
423,170,189,219
424,170,189,220
425,171,189,221
426,172,189,222
427,173,190,222
428,173,190,222
429,173,191,223
430,174,191,223
431,174,191,223
432,174,192,223
433,174,193,224
434,175,194,225
435,176,195,226
436,177,195,226
437,177,196,227
438,177,197,227
439,178,197,227
440,179,197,227
441,180,197,228
442,181,198,229
443,182,198,229
444,182,198,229
445,183,198,229
446,184,199,229
447,184,200,230
448,185,200,230
449,186,200,230
450,187,201,231
451,187,202,232
452,188,203,233
453,189,203,234
454,189,203,235
455,190,203,235
456,190,203,235
457,191,203,235
458,192,203,235
459,192,204,235
460,192,204,236
461,192,205,236
462,193,206,237
463,194,206,238
464,194,207,239
465,195,207,239
466,196,208,240
467,197,208,240
468,197,209,241
469,197,209,241
470,197,209,242
471,198,209,243
472,199,210,244
473,199,211,245
474,199,211,246
475,199,211,246
476,200,211,247
477,201,211,247
478,201,211,247
479,202,211,248
480,202,211,249
481,202,211,250
482,203,212,251
483,204,212,252
484,205,212,253
485,206,212,254
486,206,213,254
487,206,213,255
488,206,213,256
489,207,214,257
490,207,215,257
491,208,215,258
492,208,215,259
493,208,215,259
494,209,216,259
495,210,216,260
496,210,217,260
497,211,218,261
498,211,218,261
499,211,218,262
500,211,219,262
501,211,220,263
502,212,221,264
503,212,222,265
504,213,223,265
505,213,223,266
506,214,223,267
507,215,223,267
508,215,224,268
509,216,224,268
510,216,224,269
511,217,225,269
512,218,226,269
513,218,226,270
514,218,226,271
515,219,227,271
516,219,228,271
517,220,229,271
518,221,229,272
519,222,230,273
520,222,231,274
521,222,231,275
522,222,232,276
523,223,233,276
524,223,234,276
525,223,234,277
526,223,235,278
527,224,235,279
528,224,235,279
529,224,236,280
530,225,236,281
531,226,236,281
532,226,237,282
533,226,237,282
534,227,237,282
535,228,238,282
536,229,239,282
537,229,240,282
538,230,241,283
539,230,241,284
540,230,241,284
541,230,241,284
542,231,242,284
543,231,242,284
544,231,242,284
545,232,242,285
546,233,243,285
547,233,244,286
548,234,245,286
549,234,245,287
550,235,245,288
551,236,245,289
552,236,245,290
553,237,246,290
554,237,246,290
555,237,246,290
556,238,247,290
557,239,248,291
558,239,249,291
559,239,250,291
560,239,251,292
561,240,251,293
562,241,251,294
563,242,252,294
564,243,253,295
565,243,253,295
566,244,253,296
567,244,254,296
568,245,254,296
569,246,254,296
570,247,254,297
571,248,255,297
572,249,256,297
573,249,256,298
574,249,257,298
575,250,257,298
576,250,258,299
577,250,259,299
578,250,260,299
579,250,261,300
580,250,261,300
581,251,262,301
582,252,262,302
583,252,262,303
584,253,262,304
585,253,262,304
586,254,263,304
587,254,263,304
588,255,263,305
589,255,264,306
590,255,265,306
591,256,265,306
592,257,265,306
593,258,266,306
594,258,266,306
595,258,267,306
596,259,267,306
597,259,268,306
598,260,268,307
599,261,269,307
600,262,269,308
601,263,269,309
602,264,269,309
603,265,269,309
604,265,269,309
605,266,269,310
606,266,269,310
607,266,269,311
608,267,269,312
609,268,269,312
610,269,270,312
611,270,271,313
612,270,272,314
613,270,272,315
614,270,272,316
615,270,272,316
616,270,273,316
617,271,274,317
618,271,274,317
619,271,275,318
620,272,275,319
621,273,275,319
622,274,275,320
623,275,276,321
624,275,276,321
625,275,277,321
626,276,277,322
627,276,278,322
628,276,278,323
629,276,279,323
630,277,279,324
631,277,280,324
632,277,280,325
633,278,280,325
634,278,281,326
635,278,281,326
636,279,282,326
637,280,283,326
638,280,284,327
639,281,285,328
640,282,286,328
641,282,287,328
642,283,288,329
643,283,288,329
644,284,289,330
645,284,290,331
646,285,290,332
647,286,290,333
648,286,291,334
649,286,292,334
650,286,292,335
651,286,293,336
652,287,294,337
653,288,295,338
654,289,295,339
655,289,296,339
656,289,296,339
657,289,296,340
658,290,297,341
659,291,297,341
660,292,298,342
661,293,298,343
662,293,299,344
663,294,300,345
664,295,301,345
665,296,302,345
666,296,303,346
667,296,304,347
668,296,305,348
669,297,305,349
670,298,306,350
671,299,306,350
672,300,307,350
673,301,308,350
674,302,309,350
675,302,310,350
676,303,310,350
677,303,311,351
678,304,311,352
679,305,311,353
680,305,311,354
681,306,311,355
682,306,312,356
683,307,312,357
684,308,312,358
685,309,313,359
686,310,314,360
687,311,315,360
688,311,316,361
689,312,317,362
690,312,318,362
691,312,319,362
692,313,320,362
693,314,320,363
694,315,321,364
695,316,321,364
696,316,321,364
697,317,321,365
698,318,321,365
699,318,321,366
700,318,322,367
701,319,323,367
702,319,323,367
703,319,323,368
704,319,324,368
705,320,325,369
706,321,325,369
707,322,326,369
708,322,327,370
709,322,328,370
710,322,328,371
711,323,329,371
712,323,330,371
713,324,330,372
714,324,331,372
715,324,331,372
716,325,331,372
717,326,332,372
718,326,332,373
719,327,332,374
720,327,333,375
721,328,334,375
722,328,334,376
723,328,334,376
724,329,334,376
725,330,334,376
726,331,335,377
727,332,335,378
728,332,336,379
729,332,336,380
730,332,337,380
731,332,337,381
732,333,337,381
733,333,337,381
734,333,337,382
735,334,337,382
736,335,338,382
737,336,338,382
738,336,338,382
739,336,338,383
740,336,338,383
741,336,339,383
742,337,340,384
743,337,341,384
744,338,341,384
745,339,342,385
746,340,342,385
747,340,343,385
748,341,344,385
749,341,345,386
750,342,346,386
751,343,346,387
752,343,347,387
753,344,348,387
754,345,349,387
755,346,349,387
756,347,349,388
757,348,350,388
758,349,350,389
759,349,350,390
760,350,351,390
761,350,351,390
762,351,352,390
763,351,352,391
764,351,353,392
765,351,353,393
766,352,354,393
767,352,354,393
768,353,354,394
769,353,355,395
770,354,355,396
771,354,355,397
772,355,355,398
773,356,356,399
774,356,357,399
775,357,357,400
776,358,357,400
777,358,357,400
778,359,358,401
779,360,359,401
780,361,359,401
781,362,359,402
782,362,360,402
783,363,361,402
784,364,362,403
785,365,363,404
786,365,364,404
787,365,365,404
788,365,365,404
789,366,365,404
790,366,366,405
791,367,367,406
792,368,368,407
793,369,369,408
794,370,369,409
795,370,369,409
796,371,369,410
797,372,369,411
798,373,370,412
799,373,371,412
800,374,371,413
801,374,372,414
802,374,372,415
803,374,372,415
804,375,372,415
805,376,373,416
806,377,374,416
807,377,374,417
808,377,374,418
809,378,374,419
810,379,374,420
811,380,375,420
812,380,376,420
813,381,377,421
814,381,378,422
815,381,378,422
816,382,378,422
817,383,379,422
818,384,380,423
819,384,381,423
820,385,381,424
821,386,382,425
822,386,383,426
823,387,384,427
824,388,385,427
825,388,385,428
826,389,386,429
827,390,387,430
828,390,388,431
829,391,389,432
830,392,389,433
831,392,390,433
832,392,391,433
833,392,391,433
834,393,392,434
835,394,392,435
836,394,393,435
837,394,394,435
838,394,394,436
839,395,394,436
840,396,394,437
841,396,395,437
842,397,396,437
843,397,397,438
844,397,398,438
845,397,398,439
846,397,399,439
847,398,400,439
848,398,400,440
849,398,401,440
850,399,401,441
851,400,402,442
852,401,403,443
853,401,403,444
854,401,404,445
855,401,405,445
856,402,405,446
857,402,405,447
858,403,405,448
859,403,405,449
860,403,406,450
861,404,406,450
862,405,406,450
863,405,407,451
864,405,407,452
865,405,408,453
866,406,409,453
867,406,409,454
868,407,410,454
869,407,411,455
870,408,412,456
871,408,412,457
872,409,413,458
873,410,414,458
874,410,414,458
875,411,414,458
876,411,414,459
877,412,414,460
878,412,414,460
879,412,414,460
880,412,415,461
881,413,415,462
882,413,415,463
883,413,416,463
884,413,417,464
885,413,417,465
886,414,418,466
887,414,419,466
888,415,419,467
889,416,419,468
890,416,419,469
891,417,420,470
892,417,421,471
893,418,421,472
894,418,422,473
895,418,422,474
896,418,422,474
897,418,422,475
898,418,422,475
899,419,423,476
900,419,423,476
901,420,424,476
902,421,425,477
903,421,425,477
904,422,426,478
905,422,427,478
906,422,428,478
907,423,429,478
908,423,430,478
909,423,430,479
910,424,430,480
911,425,431,481
912,425,432,482
913,426,432,482
914,426,432,482
915,426,432,483
916,426,432,484
917,427,432,484
918,427,433,484
919,427,434,485
920,428,435,486
921,428,435,486
922,428,435,486
923,429,435,486
924,430,436,486
925,430,436,487
926,431,436,487
927,431,436,487
928,432,437,487
929,433,437,488
930,434,438,488
931,435,438,488
932,436,438,489
933,436,439,490
934,436,439,491
935,437,440,491
936,437,440,492
937,437,440,492
938,437,440,493
939,437,440,493
940,438,441,493
941,438,441,494
942,439,442,495
943,439,443,495
944,439,443,496
945,440,443,496
946,440,443,496
947,441,443,496
948,442,444,497
949,442,444,497
950,443,444,497
951,444,444,498
952,444,445,499
953,444,445,499
954,444,445,500
955,444,445,501
956,444,445,502
957,445,446,503
958,446,446,503
959,447,447,503
960,447,447,504
961,448,448,505
962,449,449,506
963,449,449,506
964,450,449,506
965,450,450,507
966,450,451,507
967,451,452,508
968,451,453,508
969,452,454,508
970,453,454,509
971,453,454,510
972,454,455,511
973,455,455,512
974,455,456,512
975,456,457,512
976,457,458,513
977,457,458,514
978,458,459,515
979,459,459,515
980,460,460,516
981,461,461,516
982,461,462,517
983,462,462,518
984,463,462,518
985,463,462,518
986,463,462,519
987,464,463,519
988,465,464,520
989,465,465,521
990,465,465,521
991,465,466,522
992,466,467,522
993,467,467,522
994,467,468,523
995,467,468,523
996,468,468,524
997,469,468,524
998,469,469,525
999,469,469,526
1000,470,469,526
1001,470,469,527
1002,470,470,527
1003,471,470,528
1004,472,471,529
1005,472,472,529
1006,473,472,530
1007,474,472,531
1008,475,472,531
1009,476,472,531
1010,476,473,531
1011,477,473,532
1012,478,473,533
1013,479,474,534
1014,479,474,535
1015,479,474,535
1016,479,474,536
1017,480,474,537
1018,481,475,538
1019,481,475,538
1020,482,475,539
1021,482,476,539
1022,483,476,540
1023,484,476,540
1024,485,476,540
1025,485,477,541
1026,485,478,541
1027,485,478,541
1028,485,479,542
1029,485,479,542
1030,486,479,543
1031,487,480,544
1032,487,480,545
1033,487,480,546
1034,488,480,546
1035,489,480,546
1036,490,480,547
1037,491,481,547
1038,491,481,547
1039,492,482,548
1040,493,482,549
1041,494,482,549
1042,494,482,550
1043,495,482,550
1044,496,483,551
1045,496,483,551
1046,496,484,552
1047,496,485,553
1048,496,486,553
1049,497,486,554
1050,497,486,554
1051,498,486,554
1052,499,486,554
1053,499,486,554
1054,499,486,555
1055,499,487,556
1056,500,487,556
1057,500,488,556
1058,501,489,556
1059,502,490,557
1060,503,491,557
1061,503,491,558
1062,504,492,559
1063,504,493,559
1064,504,494,559
1065,504,494,560
1066,504,495,560
1067,504,495,561
1068,504,496,561
1069,504,497,561
1070,505,498,561
1071,506,498,562
1072,507,498,563
1073,508,499,563
1074,509,499,564
1075,509,499,565
1076,510,500,565
1077,510,500,565
1078,511,501,566
1079,511,501,567
1080,511,502,568
1081,512,503,569
1082,512,504,569
1083,512,504,569
1084,513,504,569
1085,513,504,570
1086,514,505,570
1087,515,506,570
1088,516,507,570
1089,517,508,570
1090,518,509,571
1091,519,509,571
1092,520,509,572
1093,521,510,573
1094,521,510,574
1095,522,510,575
1096,522,510,575
1097,523,510,575
1098,524,510,575
1099,525,510,575
1100,525,511,576
1101,526,512,577
1102,527,512,577
1103,528,512,577
1104,529,513,577
1105,530,514,578
1106,531,514,579
1107,532,514,580
1108,532,515,580
1109,533,515,580
1110,534,515,581
1111,534,516,582
1112,534,517,583
1113,534,517,583
1114,535,517,584
1115,536,517,585
1116,536,517,586
1117,537,518,587
1118,537,518,587
1119,538,519,588
1120,539,520,589
1121,539,521,589
1122,539,522,589
1123,539,522,589
1124,539,522,590
1125,540,522,591
1126,541,523,591
1127,542,523,592
1128,543,523,593
1129,543,523,593
1130,543,523,593
1131,543,524,594
1132,544,525,595
1133,545,526,595
1134,545,526,596
1135,546,526,597
1136,546,527,598
1137,546,528,598
1138,547,529,598
1139,547,529,598
1140,548,530,599
1141,548,531,600
1142,548,532,600
1143,548,532,601
1144,549,533,602
1145,550,533,602
1146,550,534,603
1147,550,535,604
1148,551,536,605
1149,552,537,605
1150,552,538,606
1151,553,539,607
1152,554,539,608
1153,554,540,609
1154,555,541,609
1155,555,541,610
1156,556,541,611
1157,556,541,612
1158,557,541,613
1159,557,541,613
1160,557,541,614
1161,558,541,614
1162,558,542,615
1163,559,543,615
1164,559,543,616
1165,560,544,616
1166,561,545,616
1167,562,546,617
1168,563,547,618
1169,564,548,619
1170,564,549,619
1171,565,550,620
1172,566,551,621
1173,566,551,621
1174,567,552,622
1175,568,552,622
1176,569,552,623
1177,569,552,624
1178,570,552,624
1179,571,552,625
1180,572,553,626
1181,572,553,626
1182,573,554,627
1183,574,554,628
1184,574,554,628
1185,575,555,628
1186,576,555,629
1187,577,556,630
1188,577,557,631
1189,578,558,631
1190,578,558,632
1191,579,559,632
1192,579,560,632
1193,579,561,633
1194,579,561,634
1195,580,562,634
1196,581,563,634
1197,582,563,635
1198,582,564,635
1199,582,565,635
1200,583,565,636
1201,583,565,637
1202,584,566,637
1203,584,567,638
1204,585,567,639
1205,586,568,639
1206,586,568,639
1207,587,569,639
1208,588,570,640
1209,588,571,640
1210,589,571,641
1211,589,571,641
1212,589,571,642
1213,590,571,642
1214,590,572,643
1215,591,573,643
1216,592,573,644
1217,592,573,644
1218,593,573,645
1219,594,573,645
1220,595,574,645
1221,595,575,646
1222,595,575,647
1223,596,576,647
1224,596,577,647
1225,596,577,648
1226,597,578,649
1227,597,578,650
1228,598,579,651
1229,599,579,651
1230,600,579,652
1231,600,579,652
1232,601,579,653
1233,601,580,653
1234,601,581,654
1235,602,582,654
1236,603,582,655
1237,603,583,656
1238,604,584,656
1239,605,585,656
1240,606,585,656
1241,607,586,657
1242,607,586,658
1243,608,586,658
1244,609,586,659
1245,609,586,659
1246,609,587,660
1247,610,587,660
1248,611,588,661
1249,612,588,662
1250,612,588,663
1251,612,589,663
1252,613,590,664
1253,613,590,664
1254,613,590,665
1255,614,591,666
1256,614,592,666
1257,615,593,667
1258,616,594,668
1259,617,594,668
1260,617,594,669
1261,617,594,669
1262,617,595,669
1263,618,596,670
1264,618,597,671
1265,618,597,671
1266,619,598,671
1267,620,599,672
1268,621,599,673
1269,621,599,673
1270,622,600,674
1271,622,601,674
1272,623,601,675
1273,623,601,676
1274,624,601,676
1275,624,602,677
1276,625,603,678
1277,626,603,679
1278,627,603,680
1279,627,603,680
1280,627,604,681
1281,628,605,681
1282,628,606,682
1283,628,607,683
1284,629,607,683
1285,630,608,683
1286,631,609,684
1287,632,609,684
1288,633,610,684
1289,633,610,685
1290,633,611,686
1291,633,611,686
1292,634,612,686
1293,635,612,686
1294,636,613,686
1295,636,614,687
1296,636,614,688
1297,636,615,688
1298,637,616,689
1299,638,616,689
1300,639,616,689
1301,640,617,689
1302,641,618,689
1303,641,619,689
1304,641,620,689
1305,641,620,689
1306,642,620,689
1307,642,620,689
1308,642,620,689
1309,643,620,690
1310,644,620,690
1311,644,620,691
1312,644,621,692
1313,645,621,692
1314,645,622,692
1315,646,623,693
1316,646,624,693
1317,646,625,694
1318,647,626,694
1319,647,626,695
1320,647,627,695
1321,648,628,695
1322,649,628,696
1323,650,629,697
1324,650,630,698
1325,651,630,698
1326,652,631,698
1327,652,631,699
1328,653,631,700
1329,654,632,701
1330,655,633,702
1331,656,633,703
1332,656,634,703
1333,656,634,703
1334,657,634,704
1335,658,635,705
1336,658,636,705
1337,658,637,706
1338,659,638,706
1339,660,638,707
1340,660,638,708
1341,660,638,708
1342,661,639,709
1343,662,639,710
1344,663,639,711
1345,664,639,712
1346,665,640,712
1347,665,640,713
1348,665,640,714
1349,666,641,715
1350,666,641,716
1351,667,642,717
1352,668,643,718
1353,668,643,718
1354,668,644,719
1355,669,644,719
1356,669,644,720
1357,669,645,721
1358,670,645,722
1359,671,645,723
1360,671,645,723
1361,672,645,723
1362,672,645,724
1363,672,646,725
1364,672,647,726
1365,673,647,727
1366,674,648,727
1367,674,649,727
1368,674,649,728
1369,675,649,728
1370,676,649,728
1371,677,650,728
1372,678,650,729
1373,678,650,729
1374,679,650,730
1375,680,650,731
1376,681,650,731
1377,682,650,732
1378,682,650,733
1379,683,651,733
1380,683,652,734
1381,684,652,735
1382,684,652,736
1383,684,653,737
1384,684,653,738
1385,685,653,739
1386,686,654,739
1387,687,655,739
1388,688,655,739
1389,688,655,740
1390,689,655,741
1391,690,656,741
1392,690,656,742
1393,690,656,743
1394,691,656,744
1395,691,657,744
1396,691,657,745
1397,692,657,746
1398,692,657,746
1399,693,657,747
1400,693,657,747
1401,693,657,748
1402,693,657,749
1403,693,658,750
1404,694,658,751
1405,694,658,752
1406,695,658,752
1407,695,659,752
1408,695,660,752
1409,696,660,753
1410,696,660,753
1411,696,660,754
1412,696,661,755
1413,696,662,756
1414,696,662,756
1415,696,662,756
1416,696,662,756
1417,696,663,757
1418,696,663,757
1419,697,664,758
1420,698,664,758
1421,699,664,759
1422,699,665,759
1423,700,666,759
1424,701,666,760
1425,701,666,761
1426,701,667,761
1427,701,667,761
1428,702,667,762
1429,703,667,762
1430,703,668,763
1431,704,668,763
1432,705,669,764
1433,705,670,764
1434,706,671,765
1435,706,671,765
1436,706,672,766
1437,707,672,767
1438,708,672,768
1439,708,672,768
1440,709,672,769
1441,709,672,769
1442,709,672,769
1443,709,672,769
1444,710,672,770
1445,710,673,771
1446,710,674,771
1447,711,674,771
1448,712,675,772
1449,713,676,773
1450,713,677,773
1451,713,678,773
1452,714,678,774
1453,715,679,774
1454,715,679,775
1455,716,679,776
1456,716,679,777
1457,716,680,777
1458,717,681,778
1459,717,681,778
1460,718,681,779
1461,719,681,779
1462,720,681,779
1463,721,681,780
1464,722,681,780
1465,722,682,780
1466,723,682,781
1467,724,682,781
1468,725,682,782
1469,726,683,783
1470,726,683,783
1471,726,683,783
1472,726,683,783
1473,727,683,784
1474,727,683,785
1475,728,683,785
1476,729,683,785
1477,730,683,785
1478,730,684,786
1479,731,685,787
1480,731,686,788
1481,732,687,789
1482,732,688,790
1483,733,688,791
1484,733,689,792
1485,734,690,793
1486,734,691,794
1487,734,691,795
1488,734,692,796
1489,734,693,796
1490,734,694,796
1491,734,694,796
1492,734,694,796
1493,734,694,797
1494,735,695,797
1495,736,695,798
1496,736,695,799
1497,737,695,800
1498,738,696,800
1499,738,697,800
1500,739,697,801
1501,740,698,802
1502,741,699,803
1503,742,700,804
1504,742,700,805
1505,743,700,806
1506,743,700,807
1507,744,700,808
1508,744,700,809
1509,745,701,810
1510,745,702,811
1511,745,702,811
1512,746,702,812
1513,747,702,812
1514,747,703,812
1515,748,704,813
1516,749,705,814
1517,749,705,814
1518,750,705,814
1519,751,705,815
1520,752,705,815
1521,752,706,816
1522,753,707,817
1523,754,708,817
1524,755,708,817
1525,756,709,818
1526,757,709,819
1527,757,709,820
1528,758,709,820
1529,758,709,820
1530,758,710,821
1531,759,710,822
1532,760,711,823
1533,761,712,823
1534,762,712,824
1535,763,712,825
1536,763,712,825
1537,763,712,826
1538,763,712,827
1539,764,712,827
1540,765,712,827
1541,766,713,828
1542,767,713,829
1543,767,714,830
1544,768,714,830
1545,769,714,830
1546,770,714,830
1547,771,714,831
1548,772,715,832
1549,773,716,832
1550,773,716,833
1551,774,717,833
1552,775,718,833
1553,775,719,833
1554,776,720,834
1555,776,721,835
1556,777,722,836
1557,778,722,837
1558,779,723,837
1559,779,724,837
1560,779,724,838
1561,779,724,838
1562,779,725,839
1563,779,726,840
1564,780,726,841
1565,780,727,841
1566,780,728,841
1567,780,729,842
1568,780,730,843
1569,781,730,844
1570,781,730,844
1571,781,730,845
1572,781,731,846
1573,781,732,847
1574,781,732,848
1575,781,733,849
1576,781,734,850
1577,781,734,850
1578,781,734,851
1579,782,734,852
1580,783,734,853
1581,783,734,853
1582,784,735,853
1583,784,736,854
1584,785,736,854
1585,785,736,854
1586,785,736,854
1587,785,737,855
1588,786,738,856
1589,787,738,856
1590,788,739,857
1591,789,740,858
1592,789,740,859
1593,790,740,860
1594,791,741,861
1595,791,742,861
1596,791,743,861
1597,792,743,861
1598,793,743,861
1599,794,743,861
1600,795,744,861
1601,796,745,862
1602,796,745,863
1603,797,745,863
1604,797,745,864
1605,797,746,865
1606,798,747,866
1607,799,747,866
1608,800,747,867
1609,800,747,868
1610,800,748,869
1611,801,749,869
1612,802,750,870
1613,803,750,871
1614,803,750,871
1615,803,750,871
1616,803,751,871
1617,804,751,872
1618,805,751,873
1619,806,752,874
1620,807,752,875
1621,807,753,876
1622,808,754,876
1623,809,755,877
1624,809,755,878
1625,810,755,879
1626,810,756,879
1627,810,756,880
1628,810,756,881
1629,811,756,881
1630,812,757,882
1631,813,758,882
1632,813,758,883
1633,813,759,884
1634,814,760,884
1635,815,760,884
1636,816,761,885
1637,817,761,886
1638,817,762,886
1639,817,762,886
1640,817,763,887
1641,817,764,888
1642,818,765,889
1643,818,765,890
1644,819,765,890
1645,819,766,891
1646,820,767,891
1647,820,767,891
1648,821,767,892
1649,821,767,892
1650,822,768,892
1651,822,768,893
1652,822,768,894
1653,822,768,894
1654,822,768,894
1655,823,769,894
1656,824,770,894
1657,824,770,895
1658,824,770,895
1659,825,770,895
1660,825,770,896
1661,825,770,897
1662,825,770,898
1663,826,771,898
1664,826,772,898
1665,827,773,898
1666,828,773,899
1667,828,774,899
1668,828,775,900
1669,829,776,900
1670,829,777,901
1671,829,778,901
1672,829,778,901
1673,830,779,902
1674,830,779,903
1675,830,779,904
1676,830,779,905
1677,831,780,906
1678,832,781,906
1679,833,782,906
1680,833,783,907
1681,834,783,907
1682,835,783,908
1683,835,783,909
1684,835,784,909
1685,835,784,910
1686,836,785,911
1687,837,785,911
1688,837,785,912
1689,837,785,913
1690,837,786,914
1691,837,786,914
1692,838,787,914
1693,839,788,914
1694,839,789,915
1695,839,790,916
1696,840,790,917
1697,841,790,918
1698,842,790,918
1699,843,791,919
1700,844,791,919
1701,845,791,919
1702,846,792,919
1703,847,793,919
1704,847,793,919
1705,847,794,920
1706,848,795,921
1707,848,796,922
1708,848,797,922
1709,848,798,922
1710,849,799,922
1711,850,799,922
1712,851,800,923
1713,851,800,924
1714,851,801,925
1715,851,801,926
1716,852,801,927
1717,853,801,927
1718,853,801,928
1719,854,801,928
1720,854,801,929
1721,855,802,930
1722,856,803,931
1723,857,803,932
1724,857,804,933
1725,857,804,934
1726,858,804,935
1727,858,805,935
1728,859,805,936
1729,860,806,936
1730,860,806,937
1731,860,807,937
1732,860,808,938
1733,860,808,939
1734,860,808,940
1735,861,809,940
1736,862,809,941
1737,863,809,942
1738,863,810,943
1739,864,811,943
1740,864,811,943
1741,865,811,943
1742,865,812,943
1743,866,813,944
1744,867,813,945
1745,867,813,945
1746,868,814,946
1747,868,814,947
1748,868,815,947
1749,869,815,948
1750,870,816,948
1751,870,816,949
1752,871,817,949
1753,872,817,949
1754,872,817,949
1755,873,817,949
1756,873,817,950
1757,873,818,951
1758,873,818,952
1759,874,819,953
1760,875,819,954
1761,875,819,954
1762,876,820,954
1763,877,821,955
1764,877,821,955
1765,877,821,955
1766,877,821,956
1767,878,821,957
1768,878,821,957
1769,879,822,958
1770,879,822,959
1771,880,822,960
1772,880,822,960
1773,880,823,961
1774,880,824,961
1775,881,825,961
1776,881,826,962
1777,882,827,963
1778,883,828,963
1779,884,828,963
1780,885,828,963
1781,885,829,964
1782,886,830,964
1783,886,831,965
1784,887,832,966
1785,887,832,966
1786,888,832,966
1787,889,832,967
1788,890,833,968
1789,891,833,969
1790,892,834,970
1791,893,834,971
1792,894,834,972
1793,894,834,973
1794,895,834,974
1795,896,835,975
1796,897,835,975
1797,898,835,976
1798,899,836,976
1799,899,837,977
1800,900,837,978
1801,901,837,979
1802,901,837,979
1803,902,837,980
1804,903,838,981
1805,903,838,981
1806,903,838,982
1807,904,839,983
1808,905,840,983
1809,905,840,984
1810,905,840,985
1811,906,840,986
1812,907,840,987
1813,907,840,988
1814,907,840,989
1815,907,840,990
1816,908,840,991
1817,908,840,991
1818,908,840,991
1819,908,840,992
1820,908,840,992
1821,909,841,993
1822,909,842,994
1823,909,843,994
1824,910,843,994
1825,911,844,994
1826,911,845,995
1827,911,846,996
1828,912,847,997
1829,913,848,998
1830,913,849,999
1831,914,850,1000
1832,915,851,1001
1833,916,852,1002
1834,916,853,1003
1835,916,853,1003
1836,917,854,1003
1837,917,855,1004
1838,918,856,1005
1839,918,857,1006
1840,919,858,1006
1841,920,859,1007
1842,921,859,1008
1843,921,859,1009
1844,922,860,1009
1845,922,860,1010
1846,923,861,1011
1847,924,861,1012
1848,925,862,1012
1849,925,862,1012
1850,926,863,1013
1851,926,863,1013
1852,927,864,1013
1853,927,865,1013
1854,928,865,1014
1855,928,866,1015
1856,929,866,1015
1857,929,866,1016
1858,929,867,1017
1859,929,868,1017
1860,930,869,1017
1861,931,869,1018
1862,931,870,1019
1863,932,870,1019
1864,933,870,1019
1865,933,871,1020
1866,934,871,1020
1867,934,871,1020
1868,935,872,1020
1869,935,873,1020
1870,935,873,1020
1871,935,874,1021
1872,935,875,1021
1873,935,876,1021
1874,935,876,1021
1875,936,876,1021
1876,937,876,1021
1877,938,877,1022
1878,938,877,1023
1879,938,877,1023
1880,939,878,1024
1881,939,879,1024
1882,940,879,1025
1883,941,879,1026
1884,941,879,1027
1885,941,879,1028
1886,941,879,1029
1887,941,880,1030
1888,941,880,1030
1889,941,880,1030
1890,941,880,1031
1891,942,881,1031
1892,943,881,1032
1893,944,881,1033
1894,945,882,1034
1895,946,883,1035
1896,947,883,1035
1897,947,884,1036
1898,947,884,1037
1899,948,884,1038
1900,949,885,1038
1901,950,885,1038
1902,950,885,1039
1903,951,886,1039
1904,951,887,1039
1905,952,887,1039
1906,953,888,1040
1907,953,889,1041
1908,953,890,1042
1909,954,891,1042
1910,955,892,1043
1911,956,892,1044
1912,956,892,1045
1913,956,893,1046
1914,957,894,1046
1915,957,894,1046
1916,958,895,1047
1917,959,895,1048
1918,960,895,1049
1919,961,895,1049
1920,962,896,1049
1921,962,896,1049
1922,962,897,1050
1923,963,897,1050
1924,963,897,1051
1925,964,897,1051
1926,964,897,1051
1927,964,897,1052
1928,965,897,1053
1929,966,898,1053
1930,966,898,1054
1931,966,899,1055
1932,966,899,1055
1933,967,899,1055
1934,968,899,1056
1935,968,899,1057
1936,968,900,1058
1937,969,901,1059
1938,970,902,1059
1939,971,903,1059
1940,971,904,1060
1941,971,904,1061
1942,972,904,1062
1943,973,905,1062
1944,974,905,1063
1945,974,906,1064
1946,975,906,1065
1947,975,907,1066
1948,976,907,1067
1949,977,907,1067
1950,978,907,1067
1951,979,908,1068
1952,980,908,1069
1953,981,909,1069
1954,982,910,1069
1955,982,911,1070
1956,982,911,1070
1957,983,911,1071
1958,984,912,1072
1959,985,912,1073
1960,985,912,1074
1961,985,912,1074
1962,985,912,1075
1963,986,912,1076
1964,987,912,1077
1965,987,912,1077
1966,988,912,1077
1967,988,913,1077
1968,989,914,1078
1969,990,915,1079
1970,990,916,1080
1971,991,917,1081
1972,992,918,1081
1973,992,918,1082
1974,992,919,1082
1975,992,919,1083
1976,993,919,1083
1977,993,919,1083
1978,994,919,1084
1979,995,919,1084
1980,996,920,1085
1981,996,920,1086
1982,996,920,1087
1983,996,920,1087
1984,996,920,1087
1985,997,920,1087
1986,997,921,1088
1987,998,921,1088
1988,999,922,1088
1989,1000,923,1089
1990,1001,923,1090
1991,1001,923,1090
1992,1001,924,1090
1993,1002,924,1090
1994,1002,924,1091
1995,1003,924,1091
1996,1003,924,1091
1997,1004,924,1092
1998,1005,925,1092
1999,1005,925,1092
2000,1006,926,1093
2001,1006,927,1094
2002,1006,927,1095
2003,1006,927,1095
2004,1006,928,1095
2005,1007,929,1095
2006,1008,929,1095
2007,1009,929,1096
2008,1009,929,1097
2009,1010,930,1098
2010,1010,930,1098
2011,1011,931,1099
2012,1012,932,1099
2013,1012,932,1100
2014,1013,932,1101
2015,1014,933,1102
2016,1014,934,1103
2017,1014,934,1104
2018,1015,934,1105
2019,1015,934,1106
2020,1016,934,1106
2021,1017,935,1106
2022,1017,936,1107
2023,1018,936,1107
2024,1019,936,1108
2025,1019,936,1109
2026,1020,936,1109
2027,1020,936,1109
2028,1021,936,1109
2029,1021,936,1109
2030,1022,937,1110
2031,1022,937,1111
2032,1023,938,1111
2033,1024,938,1112
2034,1024,938,1113
2035,1024,938,1114
2036,1024,938,1115
2037,1024,939,1116
2038,1024,940,1117
2039,1024,940,1117
2040,1025,941,1118
2041,1025,941,1118
2042,1025,941,1118
2043,1026,942,1119
2044,1026,942,1119
2045,1026,942,1119
2046,1026,943,1120
2047,1027,944,1121
2048,1028,945,1122
2049,1029,946,1123
2050,1029,946,1124
2051,1030,947,1124
2052,1031,947,1125
2053,1031,947,1126
2054,1032,948,1127
2055,1033,949,1127
2056,1034,950,1127
2057,1035,950,1128
2058,1036,951,1128
2059,1036,951,1129
2060,1037,951,1129
2061,1038,951,1130
2062,1038,952,1130
2063,1039,953,1130
2064,1040,953,1131
2065,1041,953,1131
2066,1042,953,1132
2067,1042,953,1133
2068,1043,953,1134
2069,1043,953,1134
2070,1044,953,1135
2071,1045,954,1136
2072,1046,954,1136
2073,1047,955,1137
2074,1047,956,1138
2075,1048,956,1139
2076,1049,957,1139
2077,1050,958,1139
2078,1051,959,1140
2079,1051,959,1141
2080,1052,959,1141
2081,1052,959,1142
2082,1052,960,1143
2083,1052,961,1144
2084,1052,962,1145
2085,1053,963,1146
2086,1054,963,1147
2087,1055,964,1148
2088,1056,965,1149
2089,1056,966,1150
2090,1056,967,1151
2091,1057,968,1152
2092,1058,968,1152
2093,1059,969,1152
2094,1059,969,1152
2095,1060,969,1152
2096,1060,970,1152
2097,1060,971,1153
2098,1060,971,1153
2099,1061,972,1153
2100,1061,972,1154
2101,1062,972,1154
2102,1063,973,1154
2103,1064,973,1154
2104,1065,973,1155
2105,1066,974,1156
2106,1067,974,1156
2107,1068,975,1157
2108,1069,976,1157
2109,1070,976,1157
2110,1070,976,1158
2111,1071,976,1158
2112,1071,977,1158
2113,1071,977,1159
2114,1072,978,1159
2115,1073,979,1160
2116,1074,980,1160
2117,1074,981,1161
2118,1074,982,1161
2119,1074,983,1161
2120,1075,984,1161
2121,1075,984,1162
2122,1076,984,1162
2123,1076,985,1163
2124,1077,985,1164
2125,1077,985,1165
2126,1077,985,1166
2127,1078,986,1166
2128,1079,986,1167
2129,1080,986,1167
2130,1081,987,1167
2131,1082,987,1167
2132,1082,987,1168
2133,1083,987,1169
2134,1083,988,1169
2135,1083,989,1170
2136,1083,990,1170
2137,1083,990,1171
2138,1083,991,1171
2139,1083,991,1172
2140,1083,992,1173
2141,1084,993,1174
2142,1085,994,1175
2143,1085,995,1176
2144,1085,995,1177
2145,1085,996,1178
2146,1086,996,1179
2147,1086,996,1180
2148,1087,996,1180
2149,1087,996,1181
2150,1088,996,1182
2151,1088,997,1183
2152,1089,997,1184
2153,1090,998,1184
2154,1090,998,1185
2155,1090,999,1186
2156,1091,999,1187
2157,1091,1000,1188
2158,1092,1001,1188
2159,1093,1002,1189
2160,1094,1002,1190
2161,1095,1003,1191
2162,1096,1003,1191
2163,1097,1003,1192
2164,1098,1003,1193
2165,1099,1004,1193
2166,1099,1004,1193
2167,1099,1005,1194
2168,1100,1006,1195
2169,1101,1006,1196
2170,1102,1006,1197
2171,1102,1006,1198
2172,1103,1006,1199
2173,1103,1007,1199
2174,1104,1007,1200
2175,1104,1008,1201
2176,1105,1008,1201
2177,1105,1009,1201
2178,1105,1010,1201
2179,1105,1011,1201
2180,1106,1012,1201
2181,1107,1013,1201
2182,1107,1014,1202
2183,1108,1015,1203
2184,1108,1015,1203
2185,1109,1016,1203
2186,1109,1017,1203
2187,1109,1018,1204
2188,1109,1019,1204
2189,1110,1019,1205
2190,1111,1019,1205
2191,1111,1020,1205
2192,1111,1020,1206
2193,1111,1020,1207
2194,1112,1021,1208
2195,1113,1021,1208
2196,1113,1022,1209
2197,1114,1023,1209
2198,1115,1024,1210
2199,1116,1025,1210
2200,1117,1025,1211
2201,1117,1026,1212
2202,1117,1027,1213
2203,1117,1028,1214
2204,1118,1028,1214
2205,1119,1028,1215
2206,1120,1028,1216
2207,1121,1029,1217
2208,1121,1029,1218
2209,1121,1030,1218
2210,1122,1031,1219
2211,1123,1032,1219
2212,1123,1033,1220
2213,1124,1033,1221
2214,1125,1033,1221
2215,1125,1033,1222
2216,1125,1034,1223
2217,1125,1035,1224
2218,1125,1036,1224
2219,1126,1036,1224
2220,1127,1036,1224
2221,1127,1036,1225
2222,1128,1036,1226
2223,1128,1036,1226
2224,1129,1036,1227
2225,1129,1036,1228
2226,1130,1036,1229
2227,1130,1036,1230
2228,1131,1036,1230
2229,1131,1036,1230
2230,1132,1037,1230
2231,1133,1038,1230
2232,1133,1039,1230
2233,1133,1040,1230
2234,1133,1040,1230
2235,1133,1041,1231
2236,1133,1042,1231
2237,1133,1043,1231
2238,1134,1043,1231
2239,1135,1044,1232
2240,1136,1045,1233
2241,1136,1046,1233
2242,1137,1047,1233
2243,1138,1047,1234
2244,1139,1048,1235
2245,1139,1048,1235
2246,1140,1048,1236
2247,1140,1048,1236
2248,1141,1049,1237
2249,1141,1050,1237
2250,1142,1051,1237
2251,1143,1052,1237
2252,1143,1052,1238
2253,1144,1053,1239
2254,1144,1054,1240
2255,1144,1054,1241
2256,1145,1054,1241
2257,1146,1055,1241
2258,1146,1056,1242
2259,1147,1057,1242
2260,1148,1057,1243
2261,1149,1057,1244
2262,1150,1057,1245
2263,1150,1057,1246
2264,1151,1058,1246
2265,1152,1059,1246
2266,1152,1060,1247
2267,1153,1060,1248
2268,1153,1060,1248
2269,1154,1061,1249
2270,1154,1062,1249
2271,1154,1062,1249
2272,1155,1063,1249
2273,1156,1063,1250
2274,1157,1064,1251
2275,1157,1065,1251
2276,1158,1066,1252
2277,1159,1066,1253
2278,1159,1066,1254
2279,1160,1067,1254
2280,1161,1067,1255
2281,1161,1067,1255
2282,1162,1067,1255
2283,1163,1068,1256
2284,1164,1068,1257
2285,1164,1069,1258
2286,1165,1070,1258
2287,1166,1071,1258
2288,1166,1071,1259
2289,1166,1071,1260
2290,1166,1072,1260
2291,1167,1073,1260
2292,1167,1073,1261
2293,1168,1073,1261
2294,1169,1073,1262
2295,1169,1074,1262
2296,1170,1074,1262
2297,1171,1075,1262
2298,1171,1075,1262
2299,1172,1075,1263
2300,1173,1075,1264
2301,1173,1076,1265
2302,1173,1077,1266
2303,1174,1078,1267
2304,1175,1079,1267
2305,1176,1080,1267
2306,1177,1080,1267
2307,1178,1081,1268
2308,1179,1081,1268
2309,1180,1082,1268
2310,1180,1083,1268
2311,1181,1083,1269
2312,1181,1083,1269
2313,1182,1084,1269
2314,1183,1085,1270
2315,1184,1085,1271
2316,1185,1086,1271
2317,1185,1087,1272
2318,1186,1087,1272
2319,1187,1088,1272
2320,1188,1089,1272
2321,1188,1089,1273
2322,1189,1089,1273
2323,1189,1090,1273
2324,1189,1091,1274
2325,1190,1092,1274
2326,1191,1092,1274
2327,1191,1092,1274
2328,1192,1092,1274
2329,1192,1093,1275
2330,1192,1094,1275
2331,1192,1095,1276
2332,1192,1095,1276
2333,1192,1096,1277
2334,1193,1097,1278
2335,1193,1098,1279
2336,1194,1099,1279
2337,1194,1100,1279
2338,1194,1100,1280
2339,1194,1100,1281
2340,1194,1100,1281
2341,1194,1100,1281
2342,1194,1100,1282
2343,1195,1100,1282
2344,1195,1100,1283
2345,1195,1101,1284
2346,1195,1102,1284
2347,1195,1103,1285
2348,1196,1103,1286
2349,1197,1103,1286
2350,1198,1104,1286
2351,1199,1104,1287
2352,1200,1104,1288
2353,1200,1105,1289
2354,1201,1106,1290
2355,1202,1107,1290
2356,1203,1108,1291
2357,1203,1108,1292
2358,1204,1108,1292
2359,1205,1108,1293
2360,1205,1108,1293
2361,1205,1108,1294
2362,1206,1108,1295
2363,1207,1108,1296
2364,1207,1108,1297
2365,1207,1109,1297
2366,1207,1110,1297
2367,1208,1110,1298
2368,1208,1111,1298
2369,1209,1112,1299
2370,1210,1113,1300
2371,1210,1114,1301
2372,1210,1114,1301
2373,1210,1115,1302
2374,1211,1116,1302
2375,1211,1117,1303
2376,1211,1117,1303
2377,1212,1117,1304
2378,1212,1117,1305
2379,1212,1117,1306
2380,1212,1118,1307
2381,1212,1119,1307
2382,1213,1120,1308
2383,1214,1120,1309
2384,1214,1120,1309
2385,1214,1121,1309
2386,1214,1122,1309
2387,1215,1123,1309
2388,1216,1123,1310
2389,1216,1124,1311
2390,1216,1125,1312
2391,1217,1126,1313
2392,1217,1126,1313
2393,1217,1126,1313
2394,1218,1127,1313
2395,1219,1127,1313
2396,1220,1128,1313
2397,1221,1128,1313
2398,1222,1128,1313
2399,1222,1128,1314
2400,1223,1129,1315
2401,1223,1130,1316
2402,1224,1130,1316
2403,1225,1131,1317
2404,1226,1132,1317
2405,1226,1133,1317
2406,1227,1134,1318
2407,1227,1135,1319
2408,1228,1136,1319
2409,1229,1136,1320
2410,1229,1136,1320
2411,1229,1137,1320
2412,1229,1137,1320
2413,1230,1137,1321
2414,1231,1138,1321
2415,1231,1139,1321
2416,1231,1139,1322
2417,1232,1139,1322
2418,1232,1140,1323
2419,1233,1140,1324
2420,1233,1140,1325
2421,1233,1140,1325
2422,1234,1141,1325
2423,1235,1141,1325
2424,1235,1142,1325
2425,1235,1143,1325
2426,1235,1144,1325
2427,1236,1144,1326
2428,1236,1145,1327
2429,1237,1146,1328
2430,1238,1146,1328
2431,1239,1146,1329
2432,1240,1147,1330
2433,1240,1148,1330
2434,1240,1148,1330
2435,1241,1148,1331
2436,1241,1149,1331
2437,1242,1149,1331
2438,1243,1150,1331
2439,1244,1150,1332
2440,1245,1150,1332
2441,1245,1150,1333
2442,1246,1151,1333
2443,1247,1151,1334
2444,1248,1151,1335
2445,1249,1152,1336
2446,1249,1153,1336
2447,1250,1154,1337
2448,1250,1154,1337
2449,1250,1154,1337
2450,1250,1154,1338
2451,1251,1154,1338
2452,1251,1154,1339
2453,1251,1155,1340
2454,1252,1156,1341
2455,1252,1157,1341
2456,1253,1158,1341
2457,1254,1158,1342
2458,1254,1158,1342
2459,1255,1159,1342
2460,1255,1160,1343
2461,1256,1161,1344
2462,1257,1161,1345
2463,1257,1162,1345
2464,1258,1163,1346
2465,1259,1163,1346
2466,1260,1163,1346
2467,1260,1163,1347
2468,1261,1163,1348
2469,1262,1163,1349
2470,1262,1164,1349
2471,1263,1164,1350
2472,1263,1164,1350
2473,1263,1164,1350
2474,1263,1164,1350
2475,1264,1164,1350
2476,1264,1165,1351
2477,1265,1166,1352
2478,1265,1166,1352
2479,1266,1167,1352
2480,1267,1167,1352
2481,1268,1168,1352
2482,1268,1168,1352
2483,1269,1168,1353
2484,1269,1168,1353
2485,1269,1169,1354
2486,1270,1170,1354
2487,1270,1171,1355
2488,1270,1171,1355
2489,1270,1171,1355
2490,1270,1171,1356
2491,1271,1172,1356
2492,1272,1173,1357
2493,1272,1174,1357
2494,1273,1174,1357
2495,1274,1175,1357
2496,1274,1176,1358
2497,1274,1176,1359
2498,1274,1177,1359
2499,1275,1177,1359
2500,1275,1178,1359
2501,1276,1179,1360
2502,1276,1180,1361
2503,1277,1180,1362
2504,1277,1181,1363
2505,1278,1182,1364
2506,1279,1183,1364
2507,1279,1184,1365
2508,1279,1184,1366
2509,1280,1185,1366
2510,1281,1185,1366
2511,1282,1186,1367
2512,1283,1186,1367
2513,1283,1186,1367
2514,1284,1186,1368
2515,1284,1186,1369
2516,1284,1186,1370
2517,1284,1186,1371
2518,1285,1186,1371
2519,1285,1187,1371
2520,1286,1187,1371
2521,1287,1188,1371
2522,1287,1188,1372
2523,1287,1189,1372
2524,1288,1190,1373
2525,1289,1190,1373
2526,1290,1190,1373
2527,1291,1190,1373
2528,1291,1190,1374
2529,1291,1190,1375
2530,1292,1191,1376
2531,1293,1191,1376
2532,1293,1192,1377
2533,1294,1193,1378
2534,1294,1194,1378
2535,1295,1195,1378
2536,1295,1195,1379
2537,1296,1195,1380
2538,1296,1195,1381
2539,1297,1195,1382
2540,1298,1196,1382
2541,1299,1197,1382
2542,1300,1198,1382
2543,1300,1198,1382
2544,1300,1199,1382
2545,1301,1199,1382
2546,1301,1199,1383
2547,1301,1199,1384
2548,1301,1199,1384
2549,1302,1199,1385
2550,1303,1200,1386
2551,1303,1201,1386
2552,1303,1201,1386
2553,1303,1201,1386
2554,1304,1201,1387
2555,1304,1202,1388
2556,1305,1202,1389
2557,1306,1203,1389
2558,1307,1204,1390
2559,1307,1205,1391
2560,1308,1205,1392
2561,1308,1206,1392
2562,1308,1207,1393
2563,1308,1207,1394
2564,1309,1207,1395
2565,1310,1207,1396
2566,1310,1207,1397
2567,1311,1207,1397
2568,1312,1208,1398
2569,1313,1208,1399
2570,1313,1208,1399
2571,1313,1209,1399
2572,1313,1209,1399
2573,1313,1209,1399
2574,1313,1209,1399
2575,1313,1209,1399
2576,1314,1209,1399
2577,1315,1210,1400
2578,1316,1210,1401
2579,1316,1211,1401
2580,1316,1211,1401
2581,1317,1211,1402
2582,1318,1212,1402
2583,1318,1212,1402
2584,1318,1213,1403
2585,1319,1214,1404
2586,1320,1214,1405
2587,1321,1215,1405
2588,1321,1216,1406
2589,1321,1217,1406
2590,1322,1217,1407
2591,1323,1218,1408
2592,1323,1219,1409
2593,1324,1219,1409
2594,1324,1220,1410
2595,1325,1221,1410
2596,1325,1221,1410
2597,1326,1222,1410
2598,1327,1222,1410
2599,1327,1223,1410
2600,1327,1223,1410
2601,1328,1223,1411
2602,1328,1224,1412
2603,1328,1225,1412
2604,1329,1225,1413
2605,1330,1226,1413
2606,1331,1226,1414
2607,1332,1226,1415
2608,1333,1226,1415
2609,1333,1226,1415
2610,1333,1227,1416
2611,1334,1228,1416
2612,1334,1228,1416
2613,1334,1228,1416
2614,1334,1228,1416
2615,1335,1228,1416
2616,1335,1228,1417
2617,1335,1229,1418
2618,1335,1229,1418
2619,1335,1229,1419
2620,1336,1230,1419
2621,1337,1231,1420
2622,1338,1231,1421
2623,1339,1231,1421
2624,1340,1232,1422
2625,1340,1233,1423
2626,1341,1233,1424
2627,1341,1233,1425
2628,1341,1233,1425
2629,1342,1233,1426
2630,1343,1233,1426
2631,1343,1234,1427
2632,1343,1235,1427
2633,1343,1236,1427
2634,1344,1236,1427
2635,1345,1237,1427
2636,1346,1237,1428
2637,1346,1238,1429
2638,1346,1239,1430
2639,1347,1240,1431
2640,1347,1241,1432
2641,1348,1242,1433
2642,1348,1242,1434
2643,1349,1243,1435
2644,1349,1243,1436
2645,1350,1244,1436
2646,1350,1245,1437
2647,1350,1246,1437
2648,1351,1246,1438
2649,1351,1247,1439
2650,1351,1248,1440
2651,1351,1248,1441
2652,1351,1249,1441
2653,1352,1249,1441
2654,1353,1250,1442
2655,1354,1250,1443
2656,1354,1251,1443
2657,1355,1251,1443
2658,1355,1251,1443
2659,1355,1252,1443
2660,1355,1253,1444
2661,1356,1254,1444
2662,1357,1254,1444
2663,1357,1255,1444
2664,1358,1256,1445
2665,1359,1256,1446
2666,1360,1257,1447
2667,1361,1258,1447
2668,1361,1259,1448
2669,1361,1259,1449
2670,1361,1259,1450
2671,1362,1260,1451
2672,1363,1260,1452
2673,1363,1261,1452
2674,1364,1262,1453
2675,1364,1263,1453
2676,1364,1264,1453
2677,1365,1265,1453
2678,1365,1265,1454
2679,1365,1265,1455
2680,1366,1266,1455
2681,1367,1267,1456
2682,1368,1267,1457
2683,1368,1268,1457
2684,1369,1268,1458
2685,1369,1269,1459
2686,1369,1270,1460
2687,1370,1271,1460
2688,1371,1271,1461
2689,1371,1271,1461
2690,1371,1272,1461
2691,1372,1272,1462
2692,1373,1273,1463
2693,1373,1274,1463
2694,1373,1274,1463
2695,1373,1274,1464
2696,1374,1275,1465
2697,1374,1276,1465
2698,1375,1276,1466
2699,1375,1276,1466
2700,1375,1276,1467
2701,1375,1277,1468
2702,1376,1277,1468
2703,1377,1277,1469
2704,1378,1277,1469
2705,1378,1278,1469
2706,1379,1279,1470
2707,1380,1279,1470
2708,1381,1279,1471
2709,1381,1279,1472
2710,1381,1280,1473
2711,1381,1280,1474
2712,1381,1280,1474
2713,1382,1281,1475
2714,1383,1281,1476
2715,1384,1281,1477
2716,1385,1282,1477
2717,1386,1283,1477
2718,1386,1284,1477
2719,1387,1285,1477
2720,1387,1285,1477
2721,1387,1285,1477
2722,1387,1285,1478
2723,1387,1286,1478
2724,1387,1286,1479
2725,1388,1286,1480
2726,1389,1286,1481
2727,1389,1287,1482
2728,1389,1287,1483
2729,1389,1287,1484
2730,1390,1287,1484
2731,1391,1288,1485
2732,1391,1289,1486
2733,1392,1289,1486
2734,1393,1290,1486
2735,1394,1290,1487
2736,1395,1290,1488
2737,1395,1290,1489
2738,1395,1290,1490
2739,1395,1291,1490
2740,1396,1292,1490
2741,1396,1292,1491
2742,1397,1292,1492
2743,1398,1293,1493
2744,1399,1293,1494
2745,1400,1294,1494
2746,1401,1294,1495
2747,1402,1294,1496
2748,1403,1295,1497
2749,1403,1295,1498
2750,1403,1295,1499
2751,1403,1295,1500
2752,1404,1296,1500
2753,1405,1297,1500
2754,1405,1298,1501
2755,1406,1298,1501
2756,1407,1298,1501
2757,1407,1298,1501
2758,1408,1299,1501
2759,1408,1300,1502
2760,1408,1301,1502
2761,1408,1302,1502
2762,1408,1303,1502
2763,1409,1304,1502
2764,1409,1305,1503
2765,1409,1305,1504
2766,1410,1305,1505
2767,1410,1306,1506
2768,1410,1306,1507
2769,1411,1307,1507
2770,1412,1308,1507
2771,1412,1308,1508
2772,1412,1309,1509
2773,1413,1309,1510
2774,1413,1310,1511
2775,1413,1310,1511
2776,1413,1310,1511
2777,1414,1310,1512
2778,1415,1310,1513
2779,1415,1310,1513
2780,1415,1310,1514
2781,1416,1311,1515
2782,1417,1312,1516
2783,1417,1312,1517
2784,1417,1312,1517
2785,1418,1312,1518
2786,1418,1313,1518
2787,1419,1313,1519
2788,1420,1313,1519
2789,1420,1313,1519
2790,1421,1313,1519
2791,1421,1314,1519
2792,1422,1315,1519
2793,1423,1316,1519
2794,1424,1317,1520
2795,1425,1317,1521
2796,1425,1318,1521
2797,1426,1319,1521
2798,1426,1320,1522
2799,1427,1321,1522
2800,1427,1321,1522
2801,1427,1322,1523
2802,1428,1323,1524
2803,1429,1323,1525
2804,1429,1324,1525
2805,1429,1324,1525
2806,1430,1325,1526
2807,1431,1325,1527
2808,1431,1326,1527
2809,1431,1327,1528
2810,1431,1328,1529
2811,1431,1329,1530
2812,1432,1330,1530
2813,1433,1331,1530
2814,1434,1331,1531
2815,1434,1331,1531
2816,1435,1332,1531
2817,1435,1333,1531
2818,1435,1333,1532
2819,1435,1333,1533
2820,1436,1334,1534
2821,1436,1335,1535
2822,1437,1336,1536
2823,1437,1337,1536
2824,1437,1337,1537
2825,1437,1337,1537
2826,1438,1337,1538
2827,1439,1338,1538
2828,1439,1339,1539
2829,1439,1339,1540
2830,1440,1340,1541
2831,1441,1341,1542
2832,1442,1342,1542
2833,1443,1342,1543
2834,1443,1343,1544
2835,1443,1344,1545
2836,1443,1344,1545
2837,1444,1344,1545
2838,1445,1345,1545
2839,1445,1345,1546
2840,1445,1346,1547
2841,1445,1347,1547
2842,1446,1347,1548
2843,1447,1348,1548
2844,1448,1349,1549
2845,1449,1349,1550
2846,1450,1349,1550
2847,1450,1350,1551
2848,1451,1351,1552
2849,1451,1352,1552
2850,1451,1353,1552
2851,1451,1354,1553
2852,1451,1355,1553
2853,1451,1355,1553
2854,1451,1356,1553
2855,1451,1357,1554
2856,1452,1358,1555
2857,1453,1359,1556
2858,1453,1359,1556
2859,1453,1360,1556
2860,1454,1360,1557
2861,1454,1360,1558
2862,1455,1360,1558
2863,1456,1361,1559
2864,1456,1361,1559
2865,1457,1362,1560
2866,1457,1363,1561
2867,1458,1364,1561
2868,1458,1365,1562
2869,1458,1366,1563
2870,1459,1367,1563
2871,1460,1368,1564
2872,1461,1368,1565
2873,1461,1369,1565
2874,1461,1370,1566
2875,1462,1370,1567
2876,1462,1371,1568
2877,1462,1371,1569
2878,1462,1371,1570
2879,1462,1372,1570
2880,1463,1373,1570
2881,1464,1373,1571
2882,1465,1373,1572
2883,1466,1373,1573
2884,1466,1374,1573
2885,1466,1374,1573
2886,1466,1375,1573
2887,1467,1376,1574
2888,1468,1377,1575
2889,1468,1378,1575
2890,1468,1378,1575
2891,1468,1378,1575
2892,1468,1378,1576
2893,1469,1379,1576
2894,1469,1379,1576
2895,1470,1379,1576
2896,1470,1380,1576
2897,1470,1380,1576
2898,1471,1380,1577
2899,1472,1380,1578
2900,1472,1381,1579
2901,1473,1381,1580
2902,1474,1381,1580
2903,1474,1382,1581
2904,1474,1382,1582
2905,1474,1383,1582
2906,1474,1383,1582
2907,1475,1383,1582
2908,1475,1383,1582
2909,1476,1383,1583
2910,1476,1384,1583
2911,1477,1385,1583
2912,1477,1385,1584
2913,1478,1386,1585
2914,1479,1387,1586
2915,1479,1388,1586
2916,1480,1389,1587
2917,1480,1389,1587
2918,1481,1389,1587
2919,1482,1390,1588
2920,1483,1391,1588
2921,1484,1392,1589
2922,1485,1393,1589
2923,1485,1394,1590
2924,1486,1395,1591
2925,1487,1395,1592
2926,1487,1395,1593
2927,1488,1396,1593
2928,1488,1396,1593
2929,1489,1396,1593
2930,1490,1397,1593
2931,1491,1398,1593
2932,1492,1398,1593
2933,1492,1399,1593
2934,1492,1399,1594
2935,1492,1399,1595
2936,1492,1400,1596
2937,1493,1400,1596
2938,1494,1400,1597
2939,1495,1401,1598
2940,1496,1402,1599
2941,1497,1402,1600
2942,1497,1402,1601
2943,1498,1402,1601
2944,1498,1402,1602
2945,1499,1403,1603
2946,1499,1404,1604
2947,1500,1405,1604
2948,1500,1406,1604
2949,1500,1406,1604
2950,1501,1406,1604
2951,1501,1406,1604
2952,1501,1406,1605
2953,1502,1407,1605
2954,1502,1408,1605
2955,1503,1409,1606
2956,1504,1409,1607
2957,1504,1410,1607
2958,1505,1410,1608
2959,1506,1410,1608
2960,1506,1411,1609
2961,1506,1412,1610
2962,1507,1412,1610
2963,1507,1413,1611
2964,1507,1413,1611
2965,1507,1413,1612
2966,1507,1414,1612
2967,1507,1415,1613
2968,1508,1416,1614
2969,1508,1416,1614
2970,1509,1417,1614
2971,1510,1417,1614
2972,1510,1417,1615
2973,1510,1417,1616
2974,1511,1418,1617
2975,1512,1418,1617
2976,1512,1418,1618
2977,1513,1419,1619
2978,1514,1419,1620
2979,1515,1419,1621
2980,1516,1419,1621
2981,1517,1420,1622
2982,1518,1420,1622
2983,1519,1421,1622
2984,1519,1421,1623
2985,1519,1421,1624
2986,1520,1422,1624
2987,1521,1422,1625
2988,1522,1422,1625
2989,1522,1423,1626
2990,1523,1423,1627
2991,1524,1424,1628
2992,1525,1424,1629
2993,1526,1424,1629
2994,1527,1424,1629
2995,1527,1424,1629
2996,1528,1424,1629
2997,1528,1425,1629
2998,1528,1426,1629
2999,1528,1426,1630
3000,1529,1426,1631
3001,1529,1426,1632
3002,1529,1426,1633
3003,1529,1426,1634
3004,1530,1426,1635
3005,1530,1426,1636
3006,1530,1427,1636
3007,1530,1428,1637
3008,1531,1428,1638
3009,1532,1428,1638
3010,1533,1429,1639
3011,1534,1429,1640
3012,1534,1429,1641
3013,1535,1429,1642
3014,1535,1429,1642
3015,1535,1430,1643
3016,1536,1430,1644
3017,1537,1430,1644
3018,1537,1430,1645
3019,1537,1430,1646
3020,1537,1431,1647
3021,1537,1432,1647
3022,1537,1432,1647
3023,1538,1433,1647
3024,1539,1433,1647
3025,1539,1433,1647
3026,1539,1433,1648
3027,1539,1434,1648
3028,1540,1434,1649
3029,1540,1435,1649
3030,1540,1435,1650
3031,1541,1436,1651
3032,1541,1436,1651
3033,1542,1437,1651
3034,1542,1437,1651
3035,1543,1437,1651
3036,1544,1437,1652
3037,1544,1438,1652
3038,1545,1438,1652
3039,1546,1439,1653
3040,1546,1439,1654
3041,1546,1440,1654
3042,1547,1440,1655
3043,1548,1440,1656
3044,1549,1441,1657
3045,1549,1441,1658
3046,1549,1442,1659
3047,1550,1442,1659
3048,1551,1443,1660
3049,1552,1444,1661
3050,1553,1445,1661
3051,1554,1445,1662
3052,1554,1445,1662
3053,1554,1445,1663
3054,1555,1445,1663
3055,1555,1445,1663
3056,1555,1445,1664
3057,1556,1446,1664
3058,1556,1447,1664
3059,1557,1448,1665
3060,1557,1448,1666
3061,1558,1449,1666
3062,1558,1449,1667
3063,1558,1450,1667
3064,1558,1451,1668
3065,1559,1452,1669
3066,1559,1452,1670
3067,1559,1453,1671
3068,1560,1454,1672
3069,1560,1454,1672
3070,1561,1455,1673
3071,1562,1456,1673
3072,1562,1457,1674
3073,1562,1458,1674
3074,1562,1459,1675
3075,1562,1460,1675
3076,1562,1461,1675
3077,1562,1462,1676
3078,1563,1462,1677
3079,1563,1463,1677
3080,1563,1464,1677
3081,1564,1465,1678
3082,1564,1466,1678
3083,1564,1466,1679
3084,1565,1466,1679
3085,1566,1467,1680
3086,1567,1467,1681
3087,1568,1468,1682
3088,1569,1468,1683
3089,1569,1468,1684
3090,1569,1468,1684
3091,1569,1469,1685
3092,1570,1470,1686
3093,1571,1471,1686
3094,1572,1472,1687
3095,1573,1473,1687
3096,1573,1473,1687
3097,1574,1474,1688
3098,1574,1474,1689
3099,1574,1474,1689
3100,1574,1474,1689
3101,1575,1475,1690
3102,1576,1476,1691
3103,1576,1476,1692
3104,1577,1476,1693
3105,1577,1476,1694
3106,1577,1476,1695
3107,1577,1477,1696
3108,1577,1478,1697
3109,1578,1479,1698
3110,1579,1479,1699
3111,1579,1479,1699
3112,1579,1479,1700
3113,1579,1479,1701
3114,1579,1479,1702
3115,1580,1480,1703
3116,1580,1481,1703
3117,1580,1481,1704
3118,1580,1482,1705
3119,1580,1483,1705
3120,1580,1484,1705
3121,1581,1484,1706
3122,1582,1485,1707
3123,1583,1485,1708
3124,1584,1485,1709
3125,1585,1485,1709
3126,1586,1486,1710
3127,1587,1486,1710
3128,1588,1486,1711
3129,1589,1486,1712
3130,1589,1486,1712
3131,1589,1486,1713
3132,1589,1487,1713
3133,1589,1487,1714
3134,1589,1488,1714
3135,1589,1489,1714
3136,1590,1489,1715
3137,1590,1490,1716
3138,1590,1491,1717
3139,1591,1491,1718
3140,1591,1491,1719
3141,1592,1492,1720
3142,1593,1492,1721
3143,1594,1493,1721
3144,1594,1494,1721
3145,1594,1495,1721
3146,1595,1496,1721
3147,1595,1497,1722
3148,1595,1498,1722
3149,1595,1498,1722
3150,1596,1498,1722
3151,1597,1498,1722
3152,1598,1498,1723
3153,1599,1499,1723
3154,1600,1499,1724
3155,1601,1499,1725
3156,1601,1500,1726
3157,1602,1501,1726
3158,1602,1501,1727
3159,1603,1501,1727
3160,1603,1501,1728
3161,1604,1502,1729
3162,1604,1503,1729
3163,1605,1503,1729
3164,1606,1503,1730
3165,1606,1504,1730
3166,1606,1505,1731
3167,1607,1505,1732
3168,1607,1505,1733
3169,1607,1506,1733
3170,1607,1507,1734
3171,1607,1507,1734
3172,1608,1507,1734
3173,1609,1508,1735
3174,1609,1509,1735
3175,1610,1509,1735
3176,1611,1509,1736
3177,1611,1509,1737
3178,1611,1509,1738
3179,1612,1510,1738
3180,1613,1510,1738
3181,1613,1510,1739
3182,1613,1510,1740
3183,1614,1511,1741
3184,1615,1511,1742
3185,1616,1512,1742
3186,1616,1512,1743
3187,1617,1512,1743
3188,1618,1512,1743
3189,1618,1512,1743
3190,1618,1512,1744
3191,1619,1513,1745
3192,1619,1514,1745
3193,1619,1514,1746
3194,1619,1515,1747
3195,1620,1516,1747
3196,1620,1516,1748
3197,1621,1516,1748
3198,1622,1516,1748
3199,1622,1517,1748
3200,1623,1518,1749
3201,1623,1519,1750
3202,1623,1519,1751
3203,1623,1519,1751
3204,1624,1520,1752
3205,1625,1521,1752
3206,1626,1521,1752
3207,1626,1521,1753
3208,1626,1522,1754
3209,1626,1522,1755
3210,1627,1523,1755
3211,1628,1523,1756
3212,1629,1523,1757
3213,1629,1523,1758
3214,1630,1524,1759
3215,1630,1525,1760
3216,1630,1525,1760
3217,1630,1526,1761
3218,1630,1526,1761
3219,1630,1526,1762
3220,1630,1526,1763
3221,1631,1527,1764
3222,1632,1527,1765
3223,1632,1527,1765
3224,1632,1528,1766
3225,1633,1529,1767
3226,1634,1530,1768
3227,1634,1531,1769
3228,1635,1531,1769
3229,1635,1531,1769
3230,1636,1531,1769
3231,1636,1531,1769
3232,1636,1531,1770
3233,1637,1531,1770
3234,1637,1532,1771
3235,1638,1532,1772
3236,1638,1532,1773
3237,1638,1532,1774
3238,1638,1533,1775
3239,1638,1533,1775
3240,1639,1533,1776
3241,1639,1533,1777
3242,1640,1533,1777
3243,1640,1533,1777
3244,1640,1534,1778
3245,1640,1535,1779
3246,1640,1535,1780
3247,1640,1536,1780
3248,1641,1537,1780
3249,1641,1538,1781
3250,1642,1539,1782
3251,1642,1540,1783
3252,1642,1541,1783
3253,1643,1542,1783
3254,1644,1543,1783
3255,1645,1543,1784
3256,1646,1543,1784
3257,1646,1544,1785
3258,1647,1544,1786
3259,1648,1545,1787
3260,1648,1545,1788
3261,1649,1546,1789
3262,1650,1546,1789
3263,1651,1546,1789
3264,1652,1547,1790
3265,1653,1548,1791
3266,1654,1548,1792
3267,1654,1549,1792
3268,1654,1550,1793
3269,1654,1551,1793
3270,1655,1552,1794
3271,1656,1553,1794
3272,1657,1554,1794
3273,1658,1555,1794
3274,1659,1556,1795
3275,1659,1556,1796
3276,1660,1556,1796
3277,1660,1556,1797
3278,1660,1556,1797
3279,1661,1556,1798
3280,1661,1556,1798
3281,1662,1556,1799
3282,1662,1557,1800
3283,1662,1557,1801
3284,1663,1558,1802
3285,1663,1558,1803
3286,1663,1558,1804
3287,1664,1558,1804
3288,1665,1559,1804
3289,1666,1560,1805
3290,1666,1561,1805
3291,1667,1562,1806
3292,1667,1563,1807
3293,1667,1564,1808
3294,1668,1565,1808
3295,1669,1566,1809
3296,1670,1566,1809
3297,1671,1567,1810
3298,1672,1568,1811
3299,1672,1568,1811
3300,1672,1568,1812
3301,1672,1569,1812
3302,1672,1570,1812
3303,1673,1570,1813
3304,1673,1571,1813
3305,1674,1572,1813
3306,1675,1572,1814
3307,1676,1573,1814
3308,1677,1573,1815
3309,1678,1574,1815
3310,1679,1574,1816
3311,1680,1574,1817
3312,1680,1575,1817
3313,1681,1575,1817
3314,1682,1575,1818
3315,1682,1576,1819
3316,1683,1576,1819
3317,1684,1577,1819
3318,1684,1577,1819
3319,1685,1578,1819
3320,1685,1579,1819
3321,1686,1580,1820
3322,1687,1581,1821
3323,1688,1582,1821
3324,1689,1582,1822
3325,1690,1582,1822
3326,1691,1583,1822
3327,1692,1584,1822
3328,1692,1584,1822
3329,1693,1585,1822
3330,1693,1586,1823
3331,1694,1587,1824
3332,1695,1588,1824
3333,1695,1589,1825
3334,1696,1589,1825
3335,1696,1589,1825
3336,1696,1590,1826
3337,1697,1590,1826
3338,1698,1590,1827
3339,1699,1591,1827
3340,1699,1592,1828
3341,1700,1593,1829
3342,1700,1594,1830
3343,1701,1595,1831
3344,1701,1596,1831
3345,1702,1597,1832
3346,1703,1597,1832
3347,1704,1597,1832
3348,1705,1598,1832
3349,1706,1598,1833
3350,1706,1598,1833
3351,1706,1598,1833
3352,1707,1599,1834
3353,1707,1600,1835
3354,1708,1600,1835
3355,1709,1601,1836
3356,1710,1602,1836
3357,1710,1602,1837
3358,1710,1602,1837
3359,1710,1602,1838
3360,1710,1603,1839
3361,1710,1604,1839
3362,1711,1604,1840
3363,1712,1605,1840
3364,1713,1606,1840
3365,1714,1607,1841
3366,1714,1607,1841
3367,1714,1607,1841
3368,1714,1607,1841
3369,1715,1608,1842
3370,1715,1609,1843
3371,1715,1610,1844
3372,1716,1610,1844
3373,1717,1611,1845
3374,1717,1612,1845
3375,1717,1612,1846
3376,1718,1613,1847
3377,1718,1614,1848
3378,1719,1614,1849
3379,1720,1615,1849
3380,1720,1616,1849
3381,1720,1617,1849
3382,1720,1618,1849
3383,1721,1619,1850
3384,1721,1619,1850
3385,1721,1620,1850
3386,1721,1620,1851
3387,1722,1621,1851
3388,1723,1622,1851
3389,1724,1623,1851
3390,1724,1623,1851
3391,1724,1624,1852
3392,1724,1624,1853
3393,1724,1624,1854
3394,1725,1624,1854
3395,1725,1624,1854
3396,1726,1625,1854
3397,1727,1625,1855
3398,1728,1625,1855
3399,1729,1625,1855
3400,1730,1626,1856
3401,1731,1626,1856
3402,1732,1627,1856
3403,1733,1628,1857
3404,1733,1628,1857
3405,1734,1628,1857
3406,1735,1628,1858
3407,1735,1628,1859
3408,1735,1629,1859
3409,1736,1630,1860
3410,1737,1630,1861
3411,1737,1631,1862
3412,1737,1631,1862
3413,1738,1632,1863
3414,1738,1632,1863
3415,1739,1632,1863
3416,1740,1633,1863
3417,1740,1633,1864
3418,1740,1634,1864
3419,1740,1635,1864
3420,1741,1635,1865
3421,1742,1636,1866
3422,1743,1636,1867
3423,1743,1637,1867
3424,1744,1638,1867
3425,1745,1638,1868
3426,1746,1638,1868
3427,1747,1638,1868
3428,1748,1638,1869
3429,1749,1638,1869
3430,1749,1639,1870
3431,1750,1640,1871
3432,1751,1641,1872
3433,1752,1642,1872
3434,1752,1643,1872
3435,1753,1643,1873
3436,1753,1644,1873
3437,1753,1644,1874
3438,1753,1645,1874
3439,1753,1645,1875
3440,1753,1645,1876
3441,1753,1646,1876
3442,1754,1647,1877
3443,1754,1648,1878
3444,1754,1648,1879
3445,1755,1649,1879
3446,1756,1650,1879
3447,1757,1650,1880
3448,1757,1650,1881
3449,1757,1651,1882
3450,1757,1652,1882
3451,1757,1652,1882
3452,1758,1652,1882
3453,1758,1653,1883
3454,1758,1654,1883
3455,1758,1654,1884
3456,1759,1654,1884
3457,1760,1654,1885
3458,1761,1655,1886
3459,1762,1656,1887
3460,1763,1656,1887
3461,1764,1657,1888
3462,1764,1658,1888
3463,1764,1659,1889
3464,1764,1660,1889
3465,1765,1661,1889
3466,1766,1661,1890
3467,1766,1661,1890
3468,1766,1661,1891
3469,1766,1661,1891
3470,1767,1662,1891
3471,1768,1663,1891
3472,1769,1663,1891
3473,1770,1664,1891
3474,1771,1664,1891
3475,1771,1665,1891
3476,1771,1666,1892
3477,1771,1666,1893
3478,1772,1666,1894
3479,1772,1666,1894
3480,1772,1667,1894
3481,1772,1668,1895
3482,1773,1669,1895
3483,1774,1669,1896
3484,1775,1670,1896
3485,1775,1671,1897
3486,1775,1672,1897
3487,1775,1673,1898
3488,1776,1674,1898
3489,1777,1674,1898
3490,1777,1674,1899
3491,1778,1674,1899
3492,1779,1675,1899
3493,1779,1676,1899
3494,1780,1677,1900
3495,1780,1678,1900
3496,1780,1679,1900
3497,1781,1680,1901
3498,1782,1680,1902
3499,1782,1680,1902
3500,1783,1680,1903
3501,1784,1680,1903
3502,1784,1681,1904
3503,1785,1682,1905
3504,1785,1683,1906
3505,1786,1684,1906
3506,1786,1685,1906
3507,1787,1686,1907
3508,1787,1687,1908
3509,1788,1687,1909
3510,1789,1687,1910
3511,1789,1688,1911
3512,1790,1689,1912
3513,1791,1690,1913
3514,1791,1690,1913
3515,1792,1691,1913
3516,1792,1691,1913
3517,1793,1691,1914
3518,1793,1692,1915
3519,1793,1693,1916
3520,1794,1694,1917
3521,1795,1695,1917
3522,1795,1695,1917
3523,1796,1696,1917
3524,1796,1697,1918
3525,1797,1697,1918
3526,1797,1698,1918
3527,1797,1699,1919
3528,1798,1700,1919
3529,1798,1700,1920
3530,1799,1700,1920
3531,1800,1701,1920
3532,1801,1701,1920
3533,1802,1701,1920
3534,1802,1702,1920
3535,1802,1702,1920
3536,1802,1703,1921
3537,1803,1703,1922
3538,1804,1704,1923
3539,1804,1704,1923
3540,1805,1705,1923
3541,1805,1705,1924
3542,1806,1706,1924
3543,1807,1706,1925
3544,1807,1707,1926
3545,1808,1707,1927
3546,1809,1707,1927
3547,1809,1708,1927
3548,1809,1708,1928
3549,1810,1708,1928
3550,1811,1708,1929
3551,1812,1708,1929
3552,1813,1709,1930
3553,1814,1709,1931
3554,1814,1710,1931
3555,1815,1711,1931
3556,1815,1711,1932
3557,1815,1711,1933
3558,1815,1712,1934
3559,1816,1713,1935
3560,1816,1713,1936
3561,1816,1714,1936
3562,1817,1714,1937
3563,1818,1714,1937
3564,1819,1714,1937
3565,1820,1715,1938
3566,1821,1715,1938
3567,1822,1716,1938
3568,1822,1716,1939
3569,1823,1716,1940
3570,1823,1716,1941
3571,1824,1717,1942
3572,1825,1718,1942
3573,1826,1718,1942
3574,1826,1718,1943
3575,1826,1718,1943
3576,1826,1719,1944
3577,1826,1719,1944
3578,1827,1720,1945
3579,1828,1720,1946
3580,1828,1720,1946
3581,1829,1720,1947
3582,1829,1721,1948
3583,1829,1721,1948
3584,1829,1722,1949
3585,1830,1722,1950
3586,1831,1723,1951
3587,1832,1724,1951
3588,1832,1725,1951
3589,1832,1725,1951
3590,1833,1725,1952
3591,1834,1725,1952
3592,1835,1725,1953
3593,1836,1725,1953
3594,1837,1726,1954
3595,1837,1726,1954
3596,1838,1726,1954
3597,1839,1727,1954
3598,1840,1728,1954
3599,1841,1728,1954
3600,1842,1729,1954
3601,1843,1729,1954
3602,1844,1730,1955
3603,1845,1730,1956
3604,1845,1731,1957
3605,1845,1731,1958
3606,1845,1731,1958
3607,1846,1731,1959
3608,1846,1732,1959
3609,1847,1732,1959
3610,1847,1733,1960
3611,1848,1734,1961
3612,1848,1735,1962
3613,1848,1735,1963
3614,1848,1735,1963
3615,1848,1735,1963
3616,1849,1735,1963
3617,1850,1735,1964
3618,1850,1735,1965
3619,1851,1735,1966
3620,1851,1735,1967
3621,1852,1736,1967
3622,1852,1736,1967
3623,1852,1736,1968
3624,1852,1736,1969
3625,1852,1736,1969
3626,1853,1736,1970
3627,1853,1736,1971
3628,1854,1737,1971
3629,1855,1737,1972
3630,1855,1737,1973
3631,1856,1738,1974
3632,1856,1739,1975
3633,1856,1740,1976
3634,1857,1741,1976
3635,1857,1741,1977
3636,1858,1742,1978
3637,1859,1743,1978
3638,1860,1744,1978
3639,1860,1745,1979
3640,1861,1746,1979
3641,1861,1747,1980
3642,1862,1747,1980
3643,1863,1747,1981
3644,1863,1748,1981
3645,1864,1749,1982
3646,1865,1750,1983
3647,1865,1751,1983
3648,1865,1751,1983
3649,1865,1751,1984
3650,1865,1751,1984
3651,1866,1752,1985
3652,1867,1752,1985
3653,1868,1753,1986
3654,1869,1753,1987
3655,1869,1753,1987
3656,1869,1753,1988
3657,1869,1754,1989
3658,1870,1755,1990
3659,1871,1756,1991
3660,1872,1757,1991
3661,1872,1758,1992
3662,1872,1758,1992
3663,1872,1759,1992
3664,1873,1759,1992
3665,1874,1760,1993
3666,1875,1760,1994
3667,1876,1761,1994
3668,1876,1761,1994
3669,1877,1762,1995
3670,1877,1763,1996
3671,1877,1763,1996
3672,1877,1764,1996
3673,1878,1765,1996
3674,1878,1766,1997
3675,1878,1767,1997
3676,1878,1768,1998
3677,1879,1769,1998
3678,1879,1769,1999
3679,1879,1769,1999
3680,1880,1770,2000
3681,1881,1770,2000
3682,1882,1771,2001
3683,1883,1772,2001
3684,1884,1773,2002
3685,1885,1773,2003
3686,1885,1774,2003
3687,1885,1774,2003
3688,1886,1775,2004
3689,1887,1775,2005
3690,1887,1775,2005
3691,1888,1776,2006
3692,1888,1776,2007
3693,1888,1776,2007
3694,1888,1777,2008
3695,1888,1778,2009
3696,1889,1779,2009
3697,1889,1779,2010
3698,1890,1779,2011
3699,1891,1780,2011
3700,1891,1781,2011
3701,1892,1782,2012
3702,1893,1783,2013
3703,1893,1783,2013
3704,1893,1783,2013
3705,1893,1784,2014
3706,1894,1785,2014
3707,1894,1786,2014
3708,1895,1786,2015
3709,1896,1787,2015
3710,1896,1788,2016
3711,1897,1788,2017
3712,1898,1789,2018
3713,1899,1790,2018
3714,1900,1790,2018
3715,1901,1791,2019
3716,1902,1792,2020
3717,1903,1793,2021
3718,1904,1794,2022
3719,1904,1795,2023
3720,1905,1795,2024
3721,1905,1796,2024
3722,1905,1796,2024
3723,1905,1797,2025
3724,1906,1798,2025
3725,1906,1799,2025
3726,1906,1800,2025
3727,1907,1801,2026
3728,1908,1802,2027
3729,1908,1803,2027
3730,1909,1804,2027
3731,1910,1804,2028
3732,1911,1805,2028
3733,1912,1806,2028
3734,1913,1807,2028
3735,1914,1808,2029
3736,1914,1808,2029
3737,1914,1809,2029
3738,1914,1810,2030
3739,1914,1811,2031
3740,1915,1811,2031
3741,1915,1812,2032
3742,1915,1813,2032
3743,1916,1814,2033
3744,1917,1815,2033
3745,1917,1816,2033
3746,1918,1816,2033
3747,1919,1816,2034
3748,1920,1816,2034
3749,1921,1817,2034
3750,1921,1818,2035
3751,1921,1819,2035
3752,1921,1819,2036
3753,1921,1820,2036
3754,1922,1820,2036
3755,1922,1821,2037
3756,1923,1821,2037
3757,1924,1822,2037
3758,1925,1823,2037
3759,1925,1824,2037
3760,1926,1824,2038
3761,1927,1825,2039
3762,1927,1825,2040
3763,1928,1825,2040
3764,1928,1825,2040
3765,1928,1825,2040
3766,1928,1825,2040
3767,1928,1825,2041
3768,1928,1826,2041
3769,1929,1826,2042
3770,1930,1826,2042
3771,1931,1827,2042
3772,1931,1827,2042
3773,1932,1828,2042
3774,1932,1829,2042
3775,1932,1830,2043
3776,1933,1831,2044
3777,1933,1831,2044
3778,1934,1831,2044
3779,1935,1831,2044
3780,1936,1831,2045
3781,1937,1832,2046
3782,1938,1833,2047
3783,1938,1834,2048
3784,1938,1834,2049
3785,1939,1835,2050
3786,1940,1835,2051
3787,1941,1835,2052
3788,1942,1835,2053
3789,1942,1836,2053
3790,1942,1837,2054
3791,1942,1837,2055
3792,1942,1837,2055
3793,1943,1838,2055
3794,1944,1838,2056
3795,1945,1838,2056
3796,1946,1839,2056
3797,1946,1840,2056
3798,1946,1841,2056
3799,1946,1842,2056
3800,1946,1842,2057
3801,1947,1843,2057
3802,1948,1843,2058
3803,1948,1843,2059
3804,1949,1844,2059
3805,1949,1845,2060
3806,1950,1846,2060
3807,1951,1847,2061
3808,1952,1847,2062
3809,1953,1847,2062
3810,1953,1848,2062
3811,1954,1849,2063
3812,1954,1850,2063
3813,1955,1851,2064
3814,1955,1852,2064
3815,1956,1852,2064
3816,1957,1853,2064
3817,1958,1853,2064
3818,1959,1854,2065
3819,1960,1854,2065
3820,1960,1854,2066
3821,1961,1855,2067
3822,1962,1856,2068
3823,1962,1856,2069
3824,1963,1856,2070
3825,1963,1856,2071
3826,1964,1856,2071
3827,1965,1857,2071
3828,1965,1857,2072
3829,1966,1857,2073
3830,1967,1857,2074
3831,1968,1857,2075
3832,1969,1857,2075
3833,1969,1857,2076
3834,1970,1857,2076
3835,1971,1857,2076
3836,1972,1858,2077
3837,1973,1858,2078
3838,1974,1858,2079
3839,1974,1859,2080
3840,1974,1860,2081
3841,1974,1860,2081
3842,1975,1860,2082
3843,1975,1861,2082
3844,1975,1861,2083
3845,1976,1861,2084
3846,1977,1861,2085
3847,1977,1862,2086
3848,1978,1862,2087
3849,1978,1862,2088
3850,1979,1863,2088
3851,1980,1864,2088
3852,1981,1865,2088
3853,1982,1865,2089
3854,1983,1866,2090
3855,1983,1867,2090
3856,1984,1868,2091
3857,1985,1868,2092
3858,1986,1869,2093
3859,1987,1870,2094
3860,1987,1870,2095
3861,1988,1871,2096
3862,1989,1872,2096
3863,1990,1872,2096
3864,1991,1873,2097
3865,1992,1873,2097
3866,1993,1874,2097
3867,1994,1875,2098
3868,1995,1875,2098
3869,1996,1876,2099
3870,1997,1876,2100
3871,1997,1877,2101
3872,1997,1878,2101
3873,1998,1878,2102
3874,1999,1879,2103
3875,1999,1880,2103
3876,1999,1881,2104
3877,2000,1882,2104
3878,2001,1882,2105
3879,2001,1882,2106
3880,2002,1882,2107
3881,2003,1882,2107
3882,2003,1883,2108
3883,2004,1884,2109
3884,2005,1884,2109
3885,2006,1885,2110
3886,2007,1886,2110
3887,2007,1886,2111
3888,2008,1887,2112
3889,2008,1888,2113
3890,2009,1888,2113
3891,2009,1888,2114
3892,2010,1889,2115
3893,2011,1890,2116
3894,2012,1890,2116
3895,2012,1890,2116
3896,2012,1890,2116
3897,2012,1891,2116
3898,2013,1892,2117
3899,2014,1893,2117
3900,2014,1894,2117
3901,2014,1895,2118
3902,2015,1896,2119
3903,2015,1897,2119
3904,2015,1897,2119
3905,2015,1897,2119
3906,2016,1898,2119
3907,2016,1899,2119
3908,2016,1900,2119
3909,2016,1901,2120
3910,2017,1902,2120
3911,2018,1903,2121
3912,2018,1903,2122
3913,2018,1903,2122
3914,2019,1903,2122
3915,2019,1903,2123
3916,2020,1903,2123
3917,2020,1903,2124
3918,2021,1903,2125
3919,2022,1903,2126
3920,2022,1903,2126
3921,2023,1904,2127
3922,2023,1904,2127
3923,2024,1904,2128
3924,2025,1904,2129
3925,2025,1905,2130
3926,2026,1906,2131
3927,2026,1906,2132
3928,2026,1906,2132
3929,2027,1907,2132
3930,2028,1907,2132
3931,2028,1907,2133
3932,2029,1908,2133
3933,2030,1908,2133
3934,2031,1909,2133
3935,2032,1909,2133
3936,2032,1910,2133
3937,2033,1910,2133
3938,2033,1910,2133
3939,2033,1911,2133
3940,2034,1911,2134
3941,2035,1911,2134
3942,2036,1911,2135
3943,2037,1911,2136
3944,2038,1912,2137
3945,2039,1913,2138
3946,2039,1913,2138
3947,2040,1914,2138
3948,2040,1914,2139
3949,2040,1914,2139
3950,2040,1914,2139
3951,2040,1914,2140
3952,2040,1914,2140
3953,2041,1914,2140
3954,2041,1915,2141
3955,2041,1915,2142
3956,2041,1915,2142
3957,2042,1915,2143
3958,2042,1915,2144
3959,2042,1916,2145
3960,2042,1917,2146
3961,2043,1917,2146
3962,2044,1918,2147
3963,2044,1918,2147
3964,2045,1919,2147
3965,2046,1920,2147
3966,2047,1921,2147
3967,2048,1921,2147
3968,2049,1921,2148
3969,2049,1922,2149
3970,2050,1922,2149
3971,2051,1923,2150
3972,2052,1924,2151
3973,2052,1924,2152
3974,2052,1924,2153
3975,2053,1925,2153
3976,2054,1925,2153
3977,2055,1925,2153
3978,2055,1926,2153
3979,2056,1927,2154
3980,2056,1927,2155
3981,2056,1928,2156
3982,2056,1929,2156
3983,2056,1929,2156
3984,2057,1929,2156
3985,2057,1929,2156
3986,2058,1930,2156
3987,2058,1930,2157
3988,2059,1930,2157
3989,2060,1931,2157
3990,2060,1932,2158
3991,2061,1932,2158
3992,2061,1932,2158
3993,2062,1932,2158
3994,2062,1933,2159
3995,2062,1933,2159
3996,2063,1933,2159
3997,2063,1933,2159
3998,2063,1933,2159
3999,2064,1934,2159
4000,2065,1934,2159
4001,2066,1935,2159
4002,2067,1936,2159
4003,2068,1936,2159
4004,2069,1936,2159
4005,2069,1936,2159
4006,2069,1936,2160
4007,2070,1937,2160
4008,2071,1937,2160
4009,2072,1937,2161
4010,2073,1938,2162
4011,2073,1939,2162
4012,2073,1940,2163
4013,2073,1941,2164
4014,2073,1942,2164
4015,2073,1942,2165
4016,2074,1943,2166
4017,2074,1943,2166
4018,2075,1944,2167
4019,2075,1944,2168
4020,2075,1945,2169
4021,2075,1946,2170
4022,2076,1947,2171
4023,2077,1948,2171
4024,2078,1948,2171
4025,2079,1948,2172
4026,2079,1948,2173
4027,2080,1949,2174
4028,2081,1950,2175
4029,2082,1951,2175
4030,2082,1951,2176
4031,2083,1952,2176
4032,2084,1953,2177
4033,2084,1954,2178
4034,2085,1955,2178
4035,2085,1956,2178
4036,2086,1957,2178
4037,2086,1958,2178
4038,2087,1959,2179
4039,2087,1960,2179
4040,2087,1960,2180
4041,2088,1961,2181
4042,2088,1962,2181
4043,2088,1963,2182
4044,2089,1964,2182
4045,2089,1965,2182
4046,2089,1965,2182
4047,2090,1965,2182
4048,2091,1966,2183
4049,2092,1966,2184
4050,2092,1967,2184
4051,2093,1968,2184
4052,2094,1968,2185
4053,2094,1968,2185
4054,2094,1968,2186
4055,2095,1969,2186
4056,2095,1970,2186
4057,2095,1971,2187
4058,2095,1971,2187
4059,2096,1972,2187
4060,2097,1972,2187
4061,2098,1973,2188
4062,2099,1974,2188
4063,2099,1974,2188
4064,2100,1974,2188
4065,2101,1975,2189
4066,2102,1975,2189
4067,2103,1976,2189
4068,2104,1977,2190
4069,2105,1977,2190
4070,2105,1977,2190
4071,2105,1977,2191
4072,2105,1977,2192
4073,2105,1977,2193
4074,2105,1977,2194
4075,2105,1978,2194
4076,2105,1978,2194
4077,2106,1978,2194
4078,2106,1979,2194
4079,2107,1979,2194
4080,2108,1980,2195
4081,2108,1980,2195
4082,2109,1981,2196
4083,2110,1981,2197
4084,2111,1982,2198
4085,2112,1983,2199
4086,2113,1983,2200
4087,2113,1983,2201
4088,2114,1984,2202
4089,2115,1985,2202
4090,2115,1985,2203
4091,2115,1985,2204
4092,2115,1985,2204
4093,2116,1985,2204
4094,2117,1986,2204
4095,2117,1987,2205
4096,2117,1988,2206
4097,2118,1989,2207
4098,2118,1990,2207
4099,2119,1991,2207
4100,2120,1991,2208
4101,2121,1992,2208
4102,2122,1992,2209
4103,2123,1992,2210
4104,2123,1992,2210
4105,2124,1992,2210
4106,2124,1992,2210
4107,2125,1993,2211
4108,2125,1994,2212
4109,2125,1995,2212
4110,2126,1996,2213
4111,2127,1996,2213
4112,2128,1996,2214
4113,2128,1996,2214
4114,2128,1997,2215
4115,2129,1997,2215
4116,2129,1998,2215
4117,2130,1998,2215
4118,2131,1999,2215
4119,2132,2000,2215
4120,2132,2001,2215
4121,2132,2001,2216
4122,2133,2002,2217
4123,2133,2003,2218
4124,2134,2003,2218
4125,2134,2003,2219
4126,2135,2004,2219
4127,2136,2004,2220
4128,2137,2005,2221
4129,2137,2006,2222
4130,2138,2006,2222
4131,2139,2006,2223
4132,2140,2006,2223
4133,2141,2006,2223
4134,2141,2006,2224
4135,2141,2006,2224
4136,2141,2006,2224
4137,2142,2007,2224
4138,2142,2008,2224
4139,2143,2008,2225
4140,2144,2008,2226
4141,2144,2008,2226
4142,2144,2008,2226
4143,2145,2009,2226
4144,2146,2009,2227
4145,2147,2009,2227
4146,2147,2009,2227
4147,2147,2009,2228
4148,2148,2010,2229
4149,2148,2010,2229
4150,2149,2010,2230
4151,2150,2011,2230
4152,2150,2012,2231
4153,2150,2012,2231
4154,2150,2012,2232
4155,2151,2013,2233
4156,2152,2013,2234
4157,2152,2013,2235
4158,2152,2013,2236
4159,2152,2013,2237
4160,2153,2013,2238
4161,2154,2013,2238
4162,2155,2013,2239
4163,2155,2013,2239
4164,2156,2014,2240
4165,2156,2015,2240
4166,2156,2016,2240
4167,2156,2016,2240
4168,2157,2016,2241
4169,2158,2016,2242
4170,2159,2017,2242
4171,2160,2018,2242
4172,2161,2019,2243
4173,2161,2019,2244
4174,2162,2020,2245
4175,2162,2020,2245
4176,2162,2020,2246
4177,2163,2020,2247
4178,2164,2020,2247
4179,2165,2020,2247
4180,2166,2021,2247
4181,2167,2022,2248
4182,2168,2023,2249
4183,2169,2024,2250
4184,2170,2025,2250
4185,2170,2026,2251
4186,2171,2027,2252
4187,2172,2028,2253
4188,2173,2029,2253
4189,2174,2029,2253
4190,2175,2029,2253
4191,2176,2029,2254
4192,2176,2030,2255
4193,2176,2031,2255
4194,2176,2031,2256
4195,2177,2032,2256
4196,2178,2032,2257
4197,2178,2032,2257
4198,2178,2032,2257
4199,2178,2032,2258
4200,2179,2032,2259
4201,2179,2032,2260
4202,2180,2033,2260
4203,2180,2034,2261
4204,2181,2035,2261
4205,2182,2036,2262
4206,2182,2037,2263
4207,2183,2038,2264
4208,2183,2038,2265
4209,2184,2039,2265
4210,2185,2040,2266
4211,2186,2041,2267
4212,2186,2042,2268
4213,2187,2043,2269
4214,2188,2043,2270
4215,2188,2043,2271
4216,2189,2044,2271
4217,2189,2045,2271
4218,2190,2046,2272
4219,2191,2046,2273
4220,2192,2047,2274
4221,2193,2048,2274
4222,2194,2049,2274
4223,2194,2049,2275
4224,2195,2050,2275
4225,2196,2050,2275
4226,2196,2051,2276
4227,2196,2051,2276
4228,2196,2051,2277
4229,2196,2052,2278
4230,2197,2053,2279
4231,2198,2054,2279
4232,2198,2055,2280
4233,2199,2055,2281
4234,2200,2056,2281
4235,2200,2056,2281
4236,2200,2057,2282
4237,2201,2058,2282
4238,2202,2058,2283
4239,2203,2058,2284
4240,2204,2059,2284
4241,2204,2060,2285
4242,2204,2061,2285
4243,2204,2061,2285
4244,2204,2062,2286
4245,2205,2063,2287
4246,2205,2063,2287
4247,2205,2064,2288
4248,2205,2065,2289
4249,2206,2066,2290
4250,2207,2066,2290
4251,2207,2066,2290
4252,2208,2066,2290
4253,2208,2067,2291
4254,2209,2067,2292
4255,2209,2068,2292
4256,2210,2069,2293
4257,2210,2069,2294
4258,2211,2070,2295
4259,2212,2071,2296
4260,2212,2071,2297
4261,2212,2071,2298
4262,2213,2072,2298
4263,2214,2073,2298
4264,2214,2074,2299
4265,2214,2075,2299
4266,2214,2076,2300
4267,2215,2077,2300
4268,2215,2077,2301
4269,2215,2078,2302
4270,2215,2079,2303
4271,2216,2080,2304
4272,2216,2081,2305
4273,2217,2082,2305
4274,2217,2082,2305
4275,2217,2082,2306
4276,2218,2083,2307
4277,2218,2083,2308
4278,2218,2084,2309
4279,2219,2084,2310
4280,2219,2085,2310
4281,2220,2085,2311
4282,2221,2086,2311
4283,2222,2086,2311
4284,2223,2086,2311
4285,2224,2087,2312
4286,2225,2088,2313
4287,2225,2089,2313
4288,2225,2089,2313
4289,2225,2090,2314
4290,2225,2090,2315
4291,2225,2090,2315
4292,2225,2091,2316
4293,2226,2092,2317
4294,2227,2092,2317
4295,2228,2092,2318
4296,2229,2092,2318
4297,2229,2093,2319
4298,2229,2094,2320
4299,2230,2094,2321
4300,2231,2094,2321
4301,2232,2094,2322
4302,2232,2095,2322
4303,2233,2096,2323
4304,2234,2097,2324
4305,2235,2097,2324
4306,2235,2098,2325
4307,2236,2098,2326
4308,2236,2098,2326
4309,2237,2099,2327
4310,2238,2100,2328
4311,2239,2100,2329
4312,2240,2101,2329
4313,2240,2102,2330
4314,2240,2103,2330
4315,2241,2103,2331
4316,2242,2103,2331
4317,2242,2103,2331
4318,2243,2103,2332
4319,2244,2103,2332
4320,2244,2103,2333
4321,2245,2103,2333
4322,2246,2103,2334
4323,2246,2104,2334
4324,2247,2104,2335
4325,2247,2104,2336
4326,2248,2104,2336
4327,2249,2104,2337
4328,2249,2105,2337
4329,2250,2106,2337
4330,2250,2106,2337
4331,2250,2107,2337
4332,2251,2107,2338
4333,2251,2108,2338
4334,2251,2109,2338
4335,2251,2110,2339
4336,2252,2110,2340
4337,2253,2111,2340
4338,2253,2111,2341
4339,2253,2111,2342
4340,2254,2112,2343
4341,2254,2113,2344
4342,2254,2113,2345
4343,2255,2114,2345
4344,2255,2115,2346
4345,2256,2116,2347
4346,2256,2117,2347
4347,2256,2118,2348
4348,2257,2118,2349
4349,2257,2118,2349
4350,2257,2119,2349
4351,2257,2119,2349
4352,2257,2119,2349
4353,2258,2119,2349
4354,2259,2119,2350
4355,2260,2119,2351
4356,2261,2119,2351
4357,2261,2120,2352
4358,2262,2121,2353
4359,2263,2121,2354
4360,2263,2122,2355
4361,2263,2123,2355
4362,2263,2124,2356
4363,2263,2124,2357
4364,2263,2124,2358
4365,2263,2125,2358
4366,2263,2126,2359
4367,2263,2126,2360
4368,2264,2127,2361
4369,2264,2127,2362
4370,2264,2128,2363
4371,2265,2128,2364
4372,2265,2129,2364
4373,2265,2129,2364
4374,2266,2129,2365
4375,2266,2130,2366
4376,2266,2131,2366
4377,2267,2132,2367
4378,2267,2132,2367
4379,2267,2133,2368
4380,2268,2133,2369
4381,2269,2133,2369
4382,2269,2133,2369
4383,2269,2133,2369
4384,2270,2133,2369
4385,2270,2133,2370
4386,2270,2133,2371
4387,2271,2133,2372
4388,2272,2133,2373
4389,2273,2134,2373
4390,2273,2135,2373
4391,2273,2136,2373
4392,2274,2136,2374
4393,2274,2136,2375
4394,2274,2137,2375
4395,2274,2138,2375
4396,2274,2139,2375
4397,2274,2140,2375
4398,2275,2140,2376
4399,2275,2141,2376
4400,2276,2142,2377
4401,2276,2143,2378
4402,2277,2144,2379
4403,2278,2144,2380
4404,2279,2145,2381
4405,2280,2145,2381
4406,2281,2146,2382
4407,2282,2147,2383
4408,2283,2147,2383
4409,2284,2147,2383
4410,2284,2147,2383
4411,2285,2148,2384
4412,2285,2149,2385
4413,2286,2149,2386
4414,2286,2150,2387
4415,2287,2151,2388
4416,2288,2151,2388
4417,2288,2152,2389
4418,2288,2153,2390
4419,2289,2154,2390
4420,2289,2154,2390
4421,2289,2155,2391
4422,2290,2155,2391
4423,2290,2156,2392
4424,2290,2156,2393
4425,2290,2157,2393
4426,2291,2158,2394
4427,2291,2158,2394
4428,2292,2158,2395
4429,2293,2158,2396
4430,2294,2158,2397
4431,2294,2159,2398
4432,2294,2160,2398
4433,2295,2161,2399
4434,2295,2161,2400
4435,2296,2162,2400
4436,2296,2162,2400
4437,2297,2163,2400
4438,2297,2163,2400
4439,2298,2164,2400
4440,2298,2165,2401
4441,2299,2165,2402
4442,2300,2166,2402
4443,2301,2166,2403
4444,2302,2166,2404
4445,2303,2166,2404
4446,2304,2166,2405
4447,2305,2166,2406
4448,2306,2166,2407
4449,2307,2167,2408
4450,2308,2168,2409
4451,2308,2168,2409
4452,2309,2168,2410
4453,2310,2169,2410
4454,2311,2170,2411
4455,2312,2170,2412
4456,2312,2171,2413
4457,2312,2171,2413
4458,2313,2171,2413
4459,2314,2171,2413
4460,2314,2171,2414
4461,2315,2172,2415
4462,2315,2172,2415
4463,2315,2173,2416
4464,2316,2174,2417
4465,2316,2174,2417
4466,2317,2175,2418
4467,2317,2176,2418
4468,2318,2177,2418
4469,2318,2178,2419
4470,2318,2179,2419
4471,2318,2180,2420
4472,2318,2180,2421
4473,2319,2180,2422
4474,2319,2181,2423
4475,2320,2181,2424
4476,2321,2182,2425
4477,2321,2183,2425
4478,2321,2184,2426
4479,2321,2185,2426
4480,2322,2185,2426
4481,2322,2186,2426
4482,2323,2186,2427
4483,2324,2187,2427
4484,2324,2188,2427
4485,2324,2188,2427
4486,2324,2188,2427
4487,2325,2189,2427
4488,2325,2190,2428
4489,2325,2191,2428
4490,2326,2191,2429
4491,2326,2192,2430
4492,2326,2193,2431
4493,2327,2193,2431
4494,2328,2194,2431
4495,2329,2195,2431
4496,2330,2196,2431
4497,2330,2196,2432
4498,2330,2197,2433
4499,2331,2198,2433
4500,2332,2198,2434
4501,2332,2199,2435
4502,2333,2200,2436
4503,2333,2201,2437
4504,2333,2201,2437
4505,2333,2201,2437
4506,2333,2202,2437
4507,2333,2203,2437
4508,2334,2204,2437
4509,2334,2205,2437
4510,2334,2205,2438
4511,2334,2206,2438
4512,2334,2207,2439
4513,2335,2208,2440
4514,2335,2209,2440
4515,2335,2209,2441
4516,2335,2210,2442
4517,2336,2210,2442
4518,2336,2211,2442
4519,2337,2211,2442
4520,2337,2212,2442
4521,2338,2212,2442
4522,2338,2213,2443
4523,2338,2213,2443
4524,2339,2214,2444
4525,2340,2215,2444
4526,2340,2215,2445
4527,2341,2215,2446
4528,2341,2215,2447
4529,2342,2216,2447
4530,2342,2217,2447
4531,2343,2217,2448
4532,2344,2218,2449
4533,2345,2219,2450
4534,2346,2220,2451
4535,2347,2221,2452
4536,2348,2222,2453
4537,2348,2222,2453
4538,2348,2222,2454
4539,2348,2223,2455
4540,2349,2223,2455
4541,2350,2223,2456
4542,2351,2223,2456
4543,2352,2223,2457
4544,2352,2223,2458
4545,2353,2224,2459
4546,2353,2225,2459
4547,2354,2226,2460
4548,2354,2226,2460
4549,2355,2226,2461
4550,2356,2226,2462
4551,2356,2226,2463
4552,2356,2226,2464
4553,2357,2226,2464
4554,2358,2226,2465
4555,2358,2226,2465
4556,2358,2227,2465
4557,2359,2228,2465
4558,2359,2229,2466
4559,2360,2229,2466
4560,2360,2230,2467
4561,2360,2230,2468
4562,2361,2231,2468
4563,2362,2232,2469
4564,2362,2232,2470
4565,2362,2232,2470
4566,2363,2233,2471
4567,2364,2234,2471
4568,2365,2235,2471
4569,2365,2235,2471
4570,2366,2235,2472
4571,2366,2236,2473
4572,2366,2237,2473
4573,2367,2237,2473
4574,2368,2237,2474
4575,2369,2237,2475
4576,2370,2238,2475
4577,2370,2238,2476
4578,2371,2238,2477
4579,2372,2238,2477
4580,2373,2239,2478
4581,2373,2239,2478
4582,2374,2239,2479
4583,2374,2239,2480
4584,2375,2240,2481
4585,2375,2241,2481
4586,2376,2242,2481
4587,2377,2242,2481
4588,2377,2242,2481
4589,2378,2242,2482
4590,2378,2243,2483
4591,2379,2243,2484
4592,2380,2244,2484
4593,2381,2245,2485
4594,2381,2245,2485
4595,2381,2245,2486
4596,2381,2245,2486
4597,2381,2245,2487
4598,2382,2246,2487
4599,2382,2247,2488
4600,2383,2248,2488
4601,2384,2248,2489
4602,2385,2248,2489
4603,2385,2249,2490
4604,2385,2249,2491
4605,2386,2250,2492
4606,2386,2251,2492
4607,2386,2251,2492
4608,2387,2252,2493
4609,2388,2252,2494
4610,2389,2253,2494
4611,2389,2253,2495
4612,2390,2254,2496
4613,2391,2255,2496
4614,2392,2255,2497
4615,2392,2255,2498
4616,2393,2255,2499
4617,2394,2255,2500
4618,2395,2255,2500
4619,2396,2256,2500
4620,2397,2257,2501
4621,2398,2258,2502
4622,2399,2258,2502
4623,2400,2258,2502
4624,2401,2258,2503
4625,2402,2258,2503
4626,2402,2258,2503
4627,2403,2259,2504
4628,2403,2260,2504
4629,2404,2260,2505
4630,2404,2261,2506
4631,2404,2262,2506
4632,2405,2263,2506
4633,2405,2264,2507
4634,2405,2264,2508
4635,2406,2265,2509
4636,2407,2265,2510
4637,2407,2266,2511
4638,2407,2266,2511
4639,2408,2266,2511
4640,2409,2266,2511
4641,2410,2266,2511
4642,2410,2267,2511
4643,2411,2268,2512
4644,2412,2269,2513
4645,2413,2269,2514
4646,2413,2269,2514
4647,2413,2270,2514
4648,2413,2270,2515
4649,2414,2271,2515
4650,2415,2272,2515
4651,2416,2272,2516
4652,2416,2273,2516
4653,2416,2274,2516
4654,2416,2274,2516
4655,2417,2274,2516
4656,2417,2275,2517
4657,2418,2275,2518
4658,2419,2276,2519
4659,2420,2277,2519
4660,2420,2277,2520
4661,2421,2278,2521
4662,2422,2279,2521
4663,2422,2280,2521
4664,2423,2280,2522
4665,2423,2281,2522
4666,2423,2282,2523
4667,2423,2283,2523
4668,2423,2284,2523
4669,2424,2284,2524
4670,2424,2285,2524
4671,2425,2285,2525
4672,2425,2285,2526
4673,2426,2285,2526
4674,2426,2286,2527
4675,2427,2287,2528
4676,2428,2288,2529
4677,2429,2289,2530
4678,2429,2290,2531
4679,2430,2290,2531
4680,2431,2291,2532
4681,2432,2292,2532
4682,2432,2293,2532
4683,2433,2294,2533
4684,2433,2294,2534
4685,2433,2295,2534
4686,2433,2295,2534
4687,2433,2295,2534
4688,2433,2295,2534
4689,2434,2296,2534
4690,2434,2296,2534
4691,2435,2297,2535
4692,2435,2297,2536
4693,2435,2298,2537
4694,2436,2299,2537
4695,2436,2299,2537
4696,2437,2299,2538
4697,2438,2300,2538
4698,2438,2301,2539
4699,2438,2301,2540
4700,2438,2302,2541
4701,2438,2303,2541
4702,2438,2303,2542
4703,2438,2303,2543
4704,2439,2303,2544
4705,2439,2303,2545
4706,2440,2304,2546
4707,2441,2304,2547
4708,2442,2304,2547
4709,2442,2305,2548
4710,2443,2305,2549
4711,2444,2306,2549
4712,2445,2307,2549
4713,2445,2308,2549
4714,2446,2309,2550
4715,2446,2309,2550
4716,2446,2310,2551
4717,2447,2311,2552
4718,2447,2312,2553
4719,2448,2313,2554
4720,2449,2314,2554
4721,2450,2314,2555
4722,2451,2315,2556
4723,2451,2315,2556
4724,2452,2316,2557
4725,2452,2317,2558
4726,2452,2318,2559
4727,2452,2319,2560
4728,2452,2320,2561
4729,2453,2321,2562
4730,2454,2322,2563
4731,2454,2323,2563
4732,2455,2323,2564
4733,2456,2323,2565
4734,2457,2324,2566
4735,2457,2324,2567
4736,2458,2324,2568
4737,2458,2325,2569
4738,2458,2325,2570
4739,2458,2325,2570
4740,2459,2326,2571
4741,2460,2326,2572
4742,2460,2326,2573
4743,2461,2327,2574
4744,2462,2328,2575
4745,2462,2328,2576
4746,2462,2328,2576
4747,2462,2329,2577
4748,2463,2330,2577
4749,2464,2330,2578
4750,2465,2331,2578
4751,2466,2331,2579
4752,2467,2332,2580
4753,2467,2333,2581
4754,2467,2334,2581
4755,2467,2335,2582
4756,2468,2336,2583
4757,2469,2336,2584
4758,2470,2336,2584
4759,2471,2337,2584
4760,2471,2337,2585
4761,2471,2338,2585
4762,2471,2339,2585
4763,2472,2340,2585
4764,2472,2341,2586
4765,2473,2341,2587
4766,2473,2341,2588
4767,2473,2342,2589
4768,2473,2342,2589
4769,2474,2343,2590
4770,2474,2344,2590
4771,2475,2345,2590
4772,2476,2345,2590
4773,2477,2346,2591
4774,2478,2346,2592
4775,2478,2347,2592
4776,2478,2348,2593
4777,2478,2348,2593
4778,2479,2349,2593
4779,2479,2349,2594
4780,2479,2349,2594
4781,2479,2349,2594
4782,2480,2350,2595
4783,2480,2351,2595
4784,2481,2351,2596
4785,2482,2351,2597
4786,2483,2351,2598
4787,2484,2352,2599
4788,2484,2353,2600
4789,2485,2354,2601
4790,2486,2355,2601
4791,2486,2356,2601
4792,2486,2357,2602
4793,2486,2358,2603
4794,2486,2358,2604
4795,2486,2358,2605
4796,2487,2359,2605
4797,2488,2360,2605
4798,2488,2360,2605
4799,2488,2361,2606
4800,2489,2361,2606
4801,2490,2361,2606
4802,2491,2361,2606
4803,2491,2361,2606
4804,2491,2362,2606
4805,2492,2362,2607
4806,2492,2363,2608
4807,2493,2364,2608
4808,2493,2365,2608
4809,2493,2366,2609
4810,2494,2367,2610
4811,2495,2368,2610
4812,2495,2368,2610
4813,2496,2368,2610
4814,2496,2369,2611
4815,2497,2370,2611
4816,2498,2371,2611
4817,2498,2371,2612
4818,2498,2372,2613
4819,2499,2372,2613
4820,2500,2373,2614
4821,2501,2373,2614
4822,2502,2374,2615
4823,2503,2375,2615
4824,2503,2376,2616
4825,2503,2377,2617
4826,2503,2377,2617
4827,2503,2377,2617
4828,2504,2378,2618
4829,2504,2378,2618
4830,2505,2379,2619
4831,2506,2379,2620
4832,2506,2380,2621
4833,2507,2380,2622
4834,2508,2381,2622
4835,2508,2382,2622
4836,2508,2383,2623
4837,2509,2384,2624
4838,2510,2384,2624
4839,2510,2385,2624
4840,2511,2385,2625
4841,2512,2385,2625
4842,2512,2385,2626
4843,2513,2385,2627
4844,2513,2385,2627
4845,2513,2385,2628
4846,2514,2385,2629
4847,2514,2385,2630
4848,2515,2385,2631
4849,2516,2385,2631
4850,2516,2385,2632
4851,2516,2386,2633
4852,2517,2387,2633
4853,2517,2387,2634
4854,2517,2387,2634
4855,2518,2388,2635
4856,2519,2389,2636
4857,2519,2390,2637
4858,2519,2390,2638
4859,2520,2391,2638
4860,2520,2391,2639
4861,2520,2391,2639
4862,2520,2391,2639
4863,2521,2392,2640
4864,2522,2392,2641
4865,2523,2392,2642
4866,2523,2393,2643
4867,2523,2394,2644
4868,2523,2394,2645
4869,2524,2394,2646
4870,2524,2394,2647
4871,2525,2395,2648
4872,2526,2396,2648
4873,2527,2397,2649
4874,2528,2397,2650
4875,2529,2397,2651
4876,2530,2398,2652
4877,2530,2399,2652
4878,2530,2399,2652
4879,2530,2399,2653
4880,2530,2400,2653
4881,2531,2400,2654
4882,2531,2400,2655
4883,2531,2401,2656
4884,2532,2402,2657
4885,2533,2403,2658
4886,2534,2404,2658
4887,2535,2404,2659
4888,2536,2405,2659
4889,2536,2406,2660
4890,2537,2407,2660
4891,2538,2408,2661
4892,2539,2408,2661
4893,2539,2409,2662
4894,2540,2410,2663
4895,2541,2410,2663
4896,2541,2411,2663
4897,2541,2411,2664
4898,2542,2412,2665
4899,2543,2412,2665
4900,2544,2412,2665
4901,2545,2413,2665
4902,2546,2413,2666
4903,2547,2414,2666
4904,2548,2414,2666
4905,2548,2415,2667
4906,2548,2415,2668
4907,2549,2416,2669
4908,2550,2416,2670
4909,2551,2416,2670
4910,2552,2416,2671
4911,2552,2417,2672
4912,2553,2418,2672
4913,2553,2419,2673
4914,2554,2420,2674
4915,2554,2421,2675
4916,2554,2422,2676
4917,2555,2423,2677
4918,2555,2424,2678
4919,2556,2425,2679
4920,2557,2426,2680
4921,2557,2427,2681
4922,2558,2427,2682
4923,2558,2428,2682
4924,2559,2429,2682
4925,2560,2430,2682
4926,2561,2431,2683
4927,2561,2431,2683
4928,2562,2432,2683
4929,2563,2433,2683
4930,2563,2433,2683
4931,2564,2433,2684
4932,2565,2434,2685
4933,2565,2435,2686
4934,2566,2436,2686
4935,2567,2437,2686
4936,2568,2438,2687
4937,2569,2438,2687
4938,2569,2439,2688
4939,2569,2439,2688
4940,2570,2440,2688
4941,2571,2441,2688
4942,2571,2441,2689
4943,2572,2442,2690
4944,2573,2443,2690
4945,2573,2444,2690
4946,2573,2445,2690
4947,2573,2446,2691
4948,2573,2447,2692
4949,2574,2448,2693
4950,2574,2449,2694
4951,2575,2449,2694
4952,2576,2450,2695
4953,2576,2451,2695
4954,2577,2451,2695
4955,2577,2451,2695
4956,2578,2452,2696
4957,2579,2453,2696
4958,2579,2453,2697
4959,2579,2454,2698
4960,2579,2454,2698
4961,2579,2454,2698
4962,2579,2455,2698
4963,2580,2456,2699
4964,2581,2456,2699
4965,2582,2457,2700
4966,2582,2458,2700
4967,2583,2459,2700
4968,2584,2459,2701
4969,2585,2459,2702
4970,2586,2459,2703
4971,2587,2459,2704
4972,2587,2460,2705
4973,2587,2460,2705
4974,2588,2461,2706
4975,2588,2461,2707
4976,2588,2462,2707
4977,2588,2463,2707
4978,2589,2463,2708
4979,2590,2464,2709
4980,2591,2464,2710
4981,2592,2464,2711
4982,2592,2465,2712
4983,2592,2466,2712
4984,2592,2466,2712
4985,2593,2467,2713
4986,2594,2467,2713
4987,2595,2467,2713
4988,2596,2467,2713
4989,2597,2467,2713
4990,2597,2467,2714
4991,2598,2467,2715
4992,2598,2467,2716
4993,2598,2467,2717
4994,2598,2468,2718
4995,2599,2469,2718
4996,2599,2469,2718
4997,2600,2470,2719
4998,2600,2471,2720
4999,2600,2472,2721
